school,sex,age,address,famsize,Pstatus,Mjob,Fjob,reason,guardian,traveltime,studytime,failures,schoolsup,famsup,paid,activities,nursery,higher,internet,romantic,famrel,freetime,goout,Dalc,Walc,health,absences,G1,G2,G3,averageG,Pedu
GP,F,0.33333333333333304,U,GT3,T,at_home,other,course,father,1,2,0,no,yes,no,no,no,yes,yes,no,5,3,3,1,1,3,0.0625,9,11,11,0.30000000000000004,1.0
GP,F,0.0,U,LE3,T,at_home,other,other,mother,1,2,0,yes,no,no,no,yes,yes,yes,no,4,3,2,2,3,3,0.1875,12,13,12,0.6000000000000001,1.0
GP,F,0.0,U,GT3,T,health,services,home,mother,1,3,0,no,yes,no,yes,yes,yes,yes,yes,3,2,2,1,1,5,0.0,14,14,14,0.8500000000000003,3.0
GP,F,0.16666666666666652,U,GT3,T,other,other,home,father,1,2,0,no,yes,no,no,yes,yes,no,no,4,3,2,1,2,5,0.0,11,13,13,0.6000000000000001,3.0
GP,M,0.16666666666666652,U,LE3,T,services,other,reputation,mother,1,2,0,no,yes,no,yes,yes,yes,yes,no,5,4,2,1,2,5,0.1875,12,12,13,0.6000000000000001,3.5
GP,M,0.16666666666666652,U,LE3,T,other,other,home,mother,1,2,0,no,no,no,no,yes,yes,yes,no,4,4,4,1,1,3,0.0,13,12,13,0.6499999999999999,2.0
GP,F,0.33333333333333304,U,GT3,A,other,teacher,home,mother,2,2,0,yes,yes,no,no,yes,yes,no,no,4,1,4,1,1,1,0.0625,10,13,13,0.55,4.0
GP,M,0.0,U,GT3,T,other,other,home,mother,1,2,0,no,yes,no,yes,yes,yes,yes,no,5,5,1,1,1,5,0.0,12,12,13,0.6000000000000001,3.5
GP,F,0.0,U,GT3,T,teacher,health,reputation,mother,1,2,0,no,yes,no,no,yes,yes,yes,no,3,3,3,1,2,2,0.0625,14,14,14,0.8500000000000003,4.0
GP,F,0.0,U,GT3,T,services,other,reputation,father,3,3,0,no,yes,no,yes,yes,yes,yes,no,5,2,2,1,1,4,0.0,10,12,13,0.5,1.5
GP,M,0.0,U,LE3,T,health,services,course,father,1,1,0,no,yes,no,yes,yes,yes,yes,no,4,3,3,1,3,5,0.0,12,13,12,0.6000000000000001,4.0
GP,M,0.0,U,GT3,T,teacher,other,course,mother,2,2,0,no,yes,no,no,yes,yes,yes,no,5,4,3,1,2,3,0.0,12,12,13,0.6000000000000001,3.5
GP,M,0.0,U,GT3,A,other,other,home,other,1,3,0,no,yes,no,no,yes,yes,yes,yes,4,5,2,1,1,3,0.0,14,14,15,0.9000000000000001,2.0
GP,F,0.16666666666666652,U,GT3,T,services,services,reputation,mother,1,3,0,no,yes,no,yes,yes,yes,yes,no,3,2,3,1,2,2,0.3125,13,13,14,0.7500000000000002,4.0
GP,F,0.16666666666666652,U,GT3,T,other,other,reputation,mother,3,2,0,yes,yes,no,yes,yes,yes,no,no,5,3,2,1,1,4,0.0625,13,14,14,0.8,3.0
GP,M,0.16666666666666652,U,LE3,T,health,other,home,father,1,1,0,no,no,no,yes,yes,yes,yes,no,3,1,3,1,3,5,0.1875,12,12,12,0.55,3.5
GP,M,0.0,U,GT3,T,teacher,other,reputation,mother,1,2,0,no,no,no,no,yes,yes,yes,no,4,4,1,1,1,1,0.0,12,13,14,0.7,3.5
GP,M,0.0,U,GT3,T,health,health,other,father,1,1,0,no,yes,yes,no,yes,yes,yes,no,5,4,2,1,1,5,0.0,11,12,12,0.5,4.0
GP,M,0.16666666666666652,U,LE3,T,teacher,other,course,mother,1,2,0,no,no,no,yes,yes,yes,yes,no,4,5,1,1,3,5,0.0,12,13,14,0.7,3.0
GP,M,0.16666666666666652,U,LE3,T,other,other,reputation,mother,2,2,0,no,yes,no,yes,yes,yes,yes,no,5,4,4,2,4,5,0.0625,10,10,10,0.25,2.0
GP,F,0.0,R,GT3,T,services,health,course,mother,1,3,0,yes,yes,no,yes,yes,yes,yes,no,4,3,2,1,1,5,0.0625,10,11,10,0.30000000000000004,3.0
GP,F,0.16666666666666652,U,GT3,T,services,services,home,mother,1,1,0,no,yes,no,no,no,yes,yes,no,1,2,2,1,3,5,0.1875,10,11,12,0.40000000000000013,2.0
GP,M,0.0,U,GT3,T,other,other,home,mother,1,1,0,no,yes,no,no,yes,yes,yes,no,4,2,2,1,2,5,0.25,11,12,12,0.5,2.0
GP,M,0.0,U,GT3,T,health,services,other,mother,1,1,0,no,no,no,no,yes,yes,yes,no,2,2,4,2,4,1,0.0,11,11,11,0.40000000000000013,3.0
GP,M,0.16666666666666652,U,LE3,A,services,other,home,mother,1,2,0,yes,yes,yes,yes,yes,yes,yes,no,5,3,3,1,1,5,0.0625,12,12,13,0.6000000000000001,3.5
GP,M,0.16666666666666652,U,GT3,T,teacher,teacher,home,mother,1,2,0,no,yes,yes,yes,yes,yes,yes,yes,4,4,5,5,5,5,0.125,12,11,12,0.5,4.0
GP,M,0.0,U,GT3,T,health,services,home,mother,1,2,0,no,yes,yes,no,no,yes,yes,no,5,4,2,3,4,5,0.0,10,11,11,0.34999999999999987,4.0
GP,M,0.0,U,GT3,T,services,services,reputation,mother,2,2,0,no,yes,no,yes,yes,yes,yes,no,4,3,1,1,1,5,0.0625,15,15,15,1.0000000000000002,4.0
GP,M,0.0,R,GT3,T,teacher,at_home,course,mother,1,2,0,no,yes,no,yes,yes,yes,yes,yes,4,5,2,1,1,5,0.0,13,14,15,0.8500000000000003,3.5
GP,M,0.0,U,LE3,T,other,other,course,mother,1,2,0,no,no,no,yes,no,yes,yes,no,5,3,2,1,1,2,0.0,13,12,12,0.6000000000000001,3.0
GP,M,0.16666666666666652,U,GT3,T,other,other,home,mother,1,1,0,no,yes,no,no,no,yes,yes,no,5,4,3,1,1,5,0.125,12,12,12,0.55,2.5
GP,F,0.0,U,GT3,T,other,other,other,father,2,1,0,no,yes,no,yes,yes,yes,no,no,3,5,1,1,1,5,0.125,11,11,11,0.40000000000000013,2.5
GP,M,0.0,U,LE3,T,teacher,services,home,mother,1,3,0,no,yes,no,yes,yes,yes,yes,no,5,4,3,1,1,4,0.0,14,14,14,0.8500000000000003,3.5
GP,M,0.16666666666666652,R,GT3,A,other,teacher,reputation,mother,2,3,0,no,yes,no,yes,yes,yes,yes,yes,2,4,3,1,1,5,0.125,13,13,13,0.7,4.0
GP,F,0.0,R,GT3,T,services,health,course,mother,1,3,0,yes,yes,no,yes,yes,yes,yes,no,4,3,2,1,1,5,0.0625,11,12,12,0.5,3.5
GP,F,0.0,R,GT3,T,at_home,other,reputation,mother,1,1,0,yes,yes,no,yes,yes,yes,no,no,4,3,1,1,1,2,0.25,14,13,12,0.7,2.0
GP,F,0.16666666666666652,U,LE3,T,other,other,home,mother,2,2,0,no,yes,no,yes,no,yes,yes,yes,3,3,3,1,2,3,0.5,11,11,10,0.34999999999999987,2.0
GP,M,0.0,U,LE3,T,teacher,other,home,other,1,1,0,no,yes,no,no,no,yes,yes,yes,5,4,3,2,4,5,0.25,10,11,11,0.34999999999999987,4.0
GP,M,0.0,U,GT3,T,services,teacher,course,father,1,2,0,no,yes,no,yes,yes,yes,yes,no,4,3,3,1,1,5,0.0,14,15,15,0.95,4.0
GP,M,0.0,U,GT3,T,services,services,course,father,1,1,0,yes,yes,no,no,yes,yes,yes,no,5,4,1,1,1,1,0.0,9,10,10,0.19999999999999996,2.0
GP,F,0.16666666666666652,U,LE3,T,other,at_home,course,father,2,2,1,yes,no,no,yes,yes,yes,yes,no,4,3,3,2,2,5,0.4375,10,11,11,0.34999999999999987,2.0
GP,F,0.0,U,LE3,A,other,other,course,mother,1,2,0,yes,yes,yes,yes,yes,yes,yes,yes,5,2,2,1,1,5,0.125,10,11,11,0.34999999999999987,3.5
GP,F,0.16666666666666652,U,LE3,A,other,services,home,mother,1,2,0,no,yes,no,no,yes,yes,yes,no,2,3,5,1,4,3,0.1875,13,12,13,0.6499999999999999,3.0
GP,M,0.0,U,GT3,T,teacher,other,home,mother,1,2,0,no,yes,no,no,yes,yes,no,no,4,3,3,2,2,5,0.125,11,12,13,0.55,3.0
GP,F,0.0,U,GT3,T,services,teacher,other,father,1,2,0,yes,yes,no,yes,no,yes,yes,no,4,4,4,1,1,3,0.0625,13,12,12,0.6000000000000001,4.0
GP,F,0.16666666666666652,U,LE3,T,services,services,course,mother,3,2,0,no,yes,no,no,yes,yes,yes,no,4,3,3,2,3,4,0.0,14,13,13,0.7500000000000002,2.0
GP,M,0.0,U,LE3,A,health,health,other,father,2,1,0,no,no,no,no,yes,yes,no,no,5,5,5,3,4,5,0.125,10,9,9,0.15000000000000013,3.0
GP,F,0.0,U,GT3,T,services,services,course,mother,1,1,0,yes,yes,no,no,yes,yes,yes,no,3,3,4,2,3,5,0.0,13,12,12,0.6000000000000001,4.0
GP,F,0.0,U,LE3,A,other,other,other,mother,1,1,0,no,no,no,no,yes,yes,yes,no,5,3,4,4,4,1,0.0,13,12,13,0.6499999999999999,3.0
GP,F,0.16666666666666652,U,GT3,A,other,other,other,mother,1,2,0,no,no,no,yes,yes,yes,yes,yes,5,3,4,1,1,2,0.0625,12,13,12,0.6000000000000001,1.5
GP,F,0.0,U,GT3,A,services,services,reputation,mother,1,2,0,no,yes,no,yes,yes,yes,yes,no,4,3,2,1,1,1,0.0,15,14,15,0.95,3.5
GP,M,0.0,U,LE3,T,other,at_home,home,father,1,2,0,yes,yes,no,yes,yes,yes,yes,no,4,3,2,1,1,5,0.0,14,13,14,0.8,1.5
GP,F,0.16666666666666652,U,GT3,T,services,services,course,father,4,1,0,yes,yes,no,yes,no,yes,yes,yes,5,5,5,5,5,5,0.0,10,10,16,0.55,1.0
GP,F,0.16666666666666652,U,LE3,T,other,services,reputation,father,1,2,0,yes,no,no,yes,yes,yes,yes,no,4,4,3,1,1,1,0.0,13,13,10,0.55,1.5
GP,F,0.16666666666666652,U,GT3,T,teacher,health,home,mother,1,3,0,yes,yes,no,yes,yes,yes,yes,no,3,4,4,2,4,4,0.0,14,13,13,0.7500000000000002,3.5
GP,F,0.0,U,LE3,T,services,services,reputation,father,1,2,0,yes,no,no,yes,yes,yes,yes,yes,4,4,4,2,4,2,0.0,13,12,12,0.6000000000000001,3.5
GP,M,0.0,U,GT3,A,other,services,reputation,mother,1,4,0,no,yes,no,yes,no,yes,yes,yes,1,3,3,5,5,3,0.0,11,12,12,0.5,4.0
GP,F,0.16666666666666652,U,GT3,T,services,other,course,mother,1,4,0,yes,yes,no,no,yes,yes,yes,no,4,3,3,1,2,5,0.0,10,9,10,0.19999999999999996,2.0
GP,F,0.0,R,LE3,T,health,services,reputation,mother,2,2,0,yes,yes,no,no,yes,yes,yes,no,4,1,3,1,3,4,0.0,11,10,11,0.34999999999999987,2.0
GP,F,0.0,R,LE3,T,other,other,reputation,father,2,4,0,no,yes,no,no,no,yes,yes,no,4,4,2,2,3,3,0.1875,15,15,15,1.0000000000000002,2.0
GP,M,0.16666666666666652,U,GT3,T,other,other,reputation,father,2,4,0,no,yes,no,no,yes,yes,yes,no,4,3,2,1,1,5,0.0625,13,11,11,0.5,2.0
GP,M,0.0,U,GT3,T,other,other,course,mother,1,4,0,no,no,no,no,yes,yes,yes,no,3,3,3,1,1,3,0.0,11,9,10,0.25,3.0
GP,F,0.0,R,GT3,T,other,other,reputation,mother,1,2,0,yes,yes,no,no,no,yes,yes,yes,3,3,4,2,4,5,0.0625,13,11,11,0.5,1.0
GP,M,0.16666666666666652,U,GT3,T,other,other,reputation,mother,1,1,0,no,no,no,yes,yes,yes,no,no,5,3,2,2,2,5,0.0,13,13,14,0.7500000000000002,2.0
GP,F,0.16666666666666652,U,GT3,T,other,services,home,mother,1,2,0,yes,yes,no,yes,yes,yes,yes,no,4,3,3,2,4,5,0.125,11,11,11,0.40000000000000013,3.0
GP,M,0.0,U,GT3,T,teacher,other,home,mother,1,2,0,no,yes,no,yes,yes,yes,yes,no,4,3,3,2,3,5,0.0,11,11,11,0.40000000000000013,3.5
GP,M,0.0,U,GT3,T,teacher,other,course,mother,2,4,0,no,no,no,yes,yes,yes,yes,no,3,4,3,1,1,1,0.0,12,11,11,0.4500000000000002,2.0
GP,F,0.16666666666666652,U,GT3,T,other,other,reputation,mother,1,4,0,no,no,no,no,yes,yes,yes,yes,5,2,3,1,3,3,0.03125,13,13,13,0.7,2.0
GP,M,0.33333333333333304,U,GT3,T,other,other,home,mother,2,1,3,yes,yes,no,yes,yes,no,yes,no,4,5,1,1,1,3,0.0,9,9,10,0.15000000000000013,1.5
GP,F,0.16666666666666652,U,GT3,T,at_home,other,course,mother,1,2,0,no,yes,no,no,yes,yes,yes,no,2,4,3,1,2,3,0.4375,12,11,11,0.4500000000000002,3.5
GP,M,0.0,U,GT3,T,other,services,course,father,1,1,0,yes,yes,no,yes,no,yes,yes,yes,3,2,2,1,3,3,0.0,11,11,12,0.4500000000000002,2.5
GP,M,0.0,U,GT3,T,other,other,home,mother,1,3,0,yes,no,no,no,no,yes,yes,no,5,3,2,1,2,5,0.0625,10,9,9,0.15000000000000013,2.5
GP,F,0.0,U,LE3,T,services,other,reputation,mother,1,2,0,no,yes,no,no,yes,yes,yes,no,4,4,4,1,1,5,0.125,12,11,11,0.4500000000000002,2.5
GP,M,0.0,U,LE3,T,services,services,home,mother,2,2,0,no,no,yes,yes,yes,yes,yes,no,5,3,3,1,3,4,0.0625,13,12,13,0.6499999999999999,2.0
GP,F,0.0,U,GT3,T,other,other,home,father,1,2,0,no,yes,no,yes,no,yes,yes,no,4,3,2,2,3,4,0.0625,13,12,12,0.6000000000000001,1.0
GP,F,0.0,U,GT3,T,services,services,reputation,father,2,2,0,no,no,no,no,yes,yes,yes,yes,4,4,4,2,3,5,0.125,12,11,12,0.5,4.0
GP,F,0.16666666666666652,U,LE3,T,at_home,other,course,mother,1,2,0,no,yes,no,no,yes,yes,no,no,4,3,4,1,2,2,0.1875,13,11,11,0.5,2.0
GP,F,0.0,U,GT3,T,other,other,reputation,mother,1,3,0,no,yes,no,yes,yes,yes,yes,no,5,3,3,1,3,1,0.125,15,15,15,1.0000000000000002,3.0
GP,M,0.16666666666666652,U,GT3,T,services,other,reputation,father,2,2,0,no,no,no,yes,no,yes,yes,no,4,4,2,1,1,3,0.1875,12,10,11,0.40000000000000013,2.0
GP,M,0.16666666666666652,U,LE3,A,teacher,health,reputation,mother,1,2,0,no,yes,no,no,yes,yes,no,no,4,1,3,3,5,5,0.1875,9,9,10,0.15000000000000013,4.0
GP,F,0.16666666666666652,U,GT3,T,other,other,home,mother,1,3,0,no,yes,no,no,yes,yes,yes,yes,4,3,3,1,3,4,0.0625,9,11,11,0.30000000000000004,3.0
GP,F,0.0,U,GT3,T,services,other,reputation,mother,1,1,0,no,no,no,yes,yes,yes,yes,no,4,5,5,1,3,1,0.1875,14,13,13,0.7500000000000002,3.5
GP,F,0.16666666666666652,U,LE3,T,other,other,home,father,1,2,0,yes,yes,no,no,yes,yes,no,no,3,3,3,2,3,2,0.0,12,13,12,0.6000000000000001,2.0
GP,F,0.16666666666666652,U,GT3,T,teacher,services,home,mother,2,2,0,no,yes,no,yes,yes,yes,yes,no,5,3,3,1,1,1,0.0625,13,14,14,0.8,3.0
GP,M,0.0,U,LE3,T,services,health,reputation,mother,1,4,0,no,yes,no,yes,yes,yes,yes,no,4,3,4,1,1,4,0.0625,11,12,12,0.5,2.0
GP,F,0.0,R,GT3,T,at_home,other,home,mother,2,4,0,yes,yes,yes,yes,yes,yes,yes,no,3,1,2,1,1,1,0.125,13,13,13,0.7,1.0
GP,M,0.16666666666666652,R,GT3,T,services,other,reputation,mother,2,1,0,yes,yes,yes,yes,no,yes,yes,no,3,3,3,1,1,4,0.1875,9,11,11,0.30000000000000004,3.5
GP,F,0.16666666666666652,U,GT3,T,other,other,course,mother,1,2,0,no,yes,no,no,yes,yes,no,yes,4,3,5,1,1,5,0.0,13,12,12,0.6000000000000001,1.5
GP,F,0.16666666666666652,U,GT3,T,other,other,reputation,mother,1,1,0,no,no,no,yes,no,yes,yes,no,5,3,4,1,2,1,0.125,12,13,13,0.6499999999999999,4.0
GP,F,0.16666666666666652,U,GT3,T,other,at_home,course,mother,1,3,0,yes,yes,no,no,yes,yes,yes,no,5,3,5,1,1,3,0.0625,12,13,13,0.6499999999999999,3.5
GP,M,0.16666666666666652,U,GT3,T,services,services,other,mother,1,1,0,yes,yes,no,yes,yes,yes,yes,no,4,5,5,5,5,4,0.375,9,9,8,0.04999999999999982,4.0
GP,M,0.0,U,GT3,T,services,other,course,mother,1,1,0,no,yes,yes,yes,no,yes,yes,no,5,3,3,1,1,5,0.0625,12,13,12,0.6000000000000001,4.0
GP,F,0.0,U,GT3,T,services,other,home,mother,2,2,0,yes,yes,no,no,yes,yes,yes,no,4,3,5,1,1,2,0.5,11,10,10,0.30000000000000004,2.5
GP,F,0.0,U,GT3,A,other,health,reputation,father,1,4,0,yes,no,no,no,yes,yes,no,no,4,3,3,1,1,4,0.3125,10,10,10,0.25,3.0
GP,F,0.0,U,GT3,T,other,other,course,mother,1,4,0,yes,yes,no,no,yes,yes,yes,no,5,1,2,1,1,3,0.125,10,10,10,0.25,2.0
GP,M,0.16666666666666652,U,GT3,T,services,other,home,father,1,3,0,no,yes,no,yes,yes,yes,yes,no,5,3,3,1,1,5,0.125,13,14,14,0.8,3.0
GP,M,0.0,R,GT3,T,other,other,home,father,4,4,0,no,yes,no,yes,yes,yes,yes,yes,1,3,5,3,5,1,0.25,12,10,11,0.40000000000000013,4.0
GP,F,0.16666666666666652,U,LE3,T,health,health,other,mother,1,3,0,no,yes,no,yes,yes,yes,yes,yes,5,4,5,1,1,4,0.0625,15,15,14,0.95,4.0
GP,M,0.0,U,LE3,A,teacher,teacher,course,mother,1,1,0,no,no,no,yes,yes,yes,yes,no,5,5,3,1,1,4,0.125,13,14,14,0.8,4.0
GP,F,0.16666666666666652,R,GT3,T,services,other,reputation,father,1,3,0,yes,yes,no,yes,yes,yes,yes,no,4,1,2,1,1,2,0.125,11,11,11,0.40000000000000013,3.0
GP,F,0.16666666666666652,U,GT3,T,at_home,other,home,mother,1,2,1,yes,no,no,yes,yes,yes,yes,no,3,1,2,1,1,5,0.375,8,10,10,0.15000000000000013,2.0
GP,M,0.0,R,GT3,T,health,services,reputation,mother,1,2,0,no,no,no,yes,yes,yes,yes,yes,5,4,2,1,1,5,0.125,10,9,10,0.19999999999999996,1.5
GP,M,0.16666666666666652,U,GT3,T,teacher,teacher,course,father,1,2,0,no,yes,no,yes,yes,yes,yes,no,5,4,4,1,2,5,0.1875,16,14,14,0.95,4.0
GP,M,0.16666666666666652,U,GT3,T,other,services,home,father,2,1,0,no,no,no,yes,yes,yes,yes,no,5,4,2,1,1,5,0.1875,14,14,15,0.9000000000000001,3.0
GP,M,0.33333333333333304,R,GT3,T,other,other,course,father,3,2,1,no,yes,no,yes,yes,yes,yes,no,5,2,4,1,4,5,0.4375,12,11,11,0.4500000000000002,2.0
GP,M,0.0,U,GT3,T,other,other,reputation,father,1,1,0,no,no,no,no,yes,yes,yes,no,3,4,3,1,2,4,0.0625,14,13,14,0.8,3.5
GP,F,0.0,U,GT3,T,at_home,services,course,mother,1,2,0,no,no,no,no,no,yes,yes,no,3,2,3,1,2,1,0.0,14,14,14,0.8500000000000003,1.5
GP,M,0.0,U,GT3,T,services,services,home,father,1,4,0,no,yes,no,yes,yes,yes,yes,no,5,5,4,1,2,5,0.1875,14,13,13,0.7500000000000002,2.0
GP,F,0.16666666666666652,U,LE3,T,other,health,course,father,2,2,0,no,yes,no,yes,yes,yes,yes,yes,4,2,2,1,2,5,0.0625,14,12,13,0.7,3.0
GP,M,0.16666666666666652,U,GT3,T,health,other,course,mother,1,1,0,no,yes,no,yes,yes,yes,yes,no,3,4,4,1,4,5,0.125,12,13,13,0.6499999999999999,4.0
GP,F,0.16666666666666652,U,GT3,T,other,other,home,mother,1,2,0,no,no,no,no,yes,yes,yes,yes,5,4,4,1,1,5,0.0,12,11,11,0.4500000000000002,2.0
GP,M,0.0,U,GT3,T,services,services,home,father,1,1,0,yes,no,no,no,yes,yes,yes,no,5,5,5,3,2,5,0.0625,9,9,9,0.09999999999999987,3.5
GP,F,0.0,U,LE3,A,other,other,home,mother,1,2,0,yes,no,no,yes,yes,yes,yes,yes,5,3,2,1,1,1,0.0,10,11,11,0.34999999999999987,3.5
GP,F,0.6666666666666665,U,GT3,T,at_home,other,course,other,1,2,2,no,yes,no,no,no,no,no,no,3,4,2,1,1,5,0.0,9,10,11,0.25,0.5
GP,M,0.16666666666666652,R,GT3,T,teacher,teacher,course,mother,1,1,0,no,no,no,yes,yes,yes,yes,no,3,5,5,2,5,4,0.25,14,14,15,0.9000000000000001,4.0
GP,M,0.16666666666666652,U,GT3,T,other,other,course,mother,2,3,0,no,yes,no,no,no,yes,yes,yes,3,2,3,2,2,1,0.125,13,12,13,0.6499999999999999,2.5
GP,F,0.0,R,GT3,T,services,teacher,course,father,2,3,0,no,yes,no,no,yes,yes,yes,yes,4,2,2,2,2,5,0.0,10,11,12,0.40000000000000013,3.5
GP,F,0.5,U,GT3,T,services,other,reputation,mother,1,2,3,no,yes,no,yes,yes,no,yes,yes,5,4,5,1,3,5,0.3125,10,9,8,0.09999999999999987,1.5
GP,F,0.33333333333333304,U,LE3,A,other,other,course,mother,3,1,0,no,yes,no,no,yes,yes,yes,no,3,2,2,1,2,5,0.25,11,10,11,0.34999999999999987,1.5
GP,F,0.0,U,GT3,T,at_home,other,course,mother,3,1,0,no,yes,no,yes,no,yes,yes,yes,4,3,3,1,2,4,0.1875,11,12,13,0.55,1.0
GP,F,0.33333333333333304,U,LE3,T,other,other,course,father,1,1,0,no,yes,no,no,yes,yes,yes,yes,3,4,4,1,3,5,0.0625,13,12,12,0.6000000000000001,2.0
GP,F,0.16666666666666652,U,GT3,A,services,other,course,father,1,1,0,no,no,no,no,yes,yes,yes,no,3,2,1,1,4,5,0.375,15,13,14,0.8500000000000003,3.5
GP,M,0.16666666666666652,U,GT3,T,at_home,other,course,mother,4,1,0,no,no,no,no,yes,yes,no,no,3,2,1,1,1,2,0.125,9,9,11,0.19999999999999996,1.5
GP,F,0.16666666666666652,U,GT3,A,other,other,home,mother,1,1,1,no,no,no,no,yes,yes,no,no,5,3,4,1,1,5,0.375,13,11,11,0.5,2.0
GP,M,0.0,R,GT3,T,at_home,teacher,course,mother,4,2,0,no,yes,no,no,yes,yes,no,yes,5,3,3,1,1,5,0.0625,12,11,11,0.4500000000000002,3.5
GP,F,0.0,U,GT3,T,services,at_home,course,mother,1,3,0,no,yes,no,yes,yes,yes,yes,yes,4,3,3,1,1,5,0.125,13,14,15,0.8500000000000003,4.0
GP,M,0.33333333333333304,R,GT3,T,at_home,other,course,mother,3,2,0,no,no,no,no,yes,yes,no,no,5,4,5,2,4,5,0.0625,10,9,10,0.19999999999999996,3.5
GP,F,0.16666666666666652,R,GT3,T,at_home,other,course,mother,4,2,0,no,yes,no,no,yes,yes,no,no,5,1,3,1,1,3,0.0,14,13,13,0.7500000000000002,1.0
GP,M,0.5,U,LE3,T,services,services,course,mother,2,1,0,no,no,no,yes,yes,yes,yes,yes,3,3,4,4,5,4,0.0625,11,11,12,0.4500000000000002,2.0
GP,F,0.5,U,GT3,A,other,services,course,other,1,3,0,no,yes,no,yes,no,yes,yes,yes,4,3,3,5,1,5,0.3125,12,11,11,0.4500000000000002,2.5
GP,F,0.16666666666666652,R,GT3,T,other,services,reputation,mother,2,1,0,no,yes,no,yes,yes,yes,no,yes,3,3,3,1,2,1,0.25,12,11,11,0.4500000000000002,1.0
GP,F,0.16666666666666652,U,GT3,A,other,other,course,other,2,1,0,no,yes,no,yes,no,yes,yes,yes,4,3,2,1,1,5,0.125,9,9,10,0.15000000000000013,3.0
GP,M,0.16666666666666652,U,LE3,T,services,other,course,mother,1,2,2,no,no,no,no,yes,yes,no,yes,4,4,4,1,3,5,0.0,10,10,10,0.25,1.0
GP,F,0.0,U,GT3,T,teacher,teacher,course,mother,2,1,0,no,no,no,yes,yes,yes,yes,no,4,3,2,1,1,5,0.1875,13,14,14,0.8,4.0
GP,F,0.0,R,GT3,T,other,other,course,mother,3,1,1,no,no,no,yes,yes,yes,yes,yes,5,5,5,1,1,1,0.0625,8,9,9,0.04999999999999982,1.0
GP,M,0.0,U,GT3,T,teacher,services,course,father,2,4,0,yes,yes,no,no,yes,yes,yes,no,2,2,2,1,1,3,0.1875,9,11,11,0.30000000000000004,3.5
GP,F,0.0,U,GT3,A,services,services,home,mother,1,2,0,no,no,no,no,no,yes,no,yes,1,3,2,2,3,1,0.75,9,8,9,0.04999999999999982,3.0
GP,M,0.16666666666666652,U,GT3,T,services,services,course,mother,1,3,0,no,yes,no,yes,yes,yes,yes,no,5,3,3,1,3,5,0.0,15,13,13,0.8,4.0
GP,M,0.16666666666666652,U,LE3,T,services,services,reputation,father,2,1,0,no,yes,no,yes,yes,yes,yes,no,2,3,3,2,2,2,0.125,12,11,11,0.4500000000000002,2.0
GP,F,0.0,U,GT3,T,teacher,services,course,mother,1,3,0,no,yes,no,yes,yes,yes,yes,no,4,2,2,1,1,5,0.0625,13,13,13,0.7,4.0
GP,F,0.16666666666666652,U,LE3,T,at_home,at_home,course,mother,1,1,0,no,no,no,no,yes,yes,yes,no,3,4,4,3,3,1,0.125,10,11,11,0.34999999999999987,1.0
GP,F,0.0,U,GT3,T,other,services,course,father,1,2,0,no,yes,no,no,yes,yes,yes,no,4,4,2,1,2,5,0.0,12,12,12,0.55,1.0
GP,F,0.0,U,LE3,A,at_home,other,home,mother,2,1,0,no,yes,no,yes,yes,no,yes,yes,4,4,2,1,1,5,0.0,11,10,10,0.30000000000000004,1.5
GP,F,0.0,U,GT3,T,health,services,home,father,1,2,1,no,yes,no,no,yes,yes,yes,no,3,3,2,1,1,3,0.0625,11,11,11,0.40000000000000013,2.5
GP,F,0.0,U,GT3,T,at_home,other,course,mother,1,2,0,no,yes,no,no,no,yes,yes,no,4,3,2,1,1,5,0.1875,13,12,13,0.6499999999999999,1.5
GP,F,0.0,U,GT3,T,at_home,services,course,father,1,2,0,no,no,no,no,no,yes,no,yes,2,3,4,2,4,1,0.1875,11,11,11,0.40000000000000013,1.5
GP,M,0.16666666666666652,U,GT3,T,teacher,teacher,course,mother,1,1,0,no,yes,no,no,yes,no,yes,yes,3,3,2,2,1,5,0.5,9,9,8,0.04999999999999982,4.0
GP,M,0.0,U,LE3,A,services,other,course,mother,4,1,0,no,no,no,no,yes,yes,yes,no,4,5,5,2,5,5,0.0,12,11,11,0.4500000000000002,1.5
GP,M,0.16666666666666652,U,LE3,T,at_home,other,course,mother,1,1,1,no,no,no,yes,yes,yes,no,yes,4,4,4,3,5,5,0.1875,9,10,10,0.19999999999999996,1.5
GP,F,0.0,R,GT3,T,services,services,reputation,other,2,3,0,no,yes,yes,yes,yes,yes,yes,yes,4,2,1,2,3,3,0.0625,13,13,13,0.7,3.0
GP,M,0.6666666666666665,U,GT3,T,services,at_home,home,mother,1,1,0,no,yes,no,no,yes,no,yes,yes,4,5,4,1,1,4,0.1875,11,9,11,0.30000000000000004,2.5
GP,F,0.33333333333333304,U,GT3,T,other,teacher,course,mother,1,1,0,yes,yes,no,no,yes,yes,no,yes,4,2,1,1,1,4,0.0,13,13,13,0.7,4.0
GP,M,0.33333333333333304,R,LE3,T,other,other,reputation,mother,1,1,3,no,no,no,no,yes,yes,no,no,2,2,2,3,3,5,0.4375,9,8,10,0.09999999999999987,1.5
GP,F,0.5,R,GT3,T,at_home,other,course,mother,3,1,3,no,yes,no,yes,no,yes,no,no,5,2,5,1,5,4,0.1875,11,10,11,0.34999999999999987,1.0
GP,M,0.16666666666666652,R,GT3,T,at_home,other,course,mother,3,1,0,no,no,no,no,no,yes,no,no,4,2,2,1,2,3,0.125,12,10,11,0.40000000000000013,2.0
GP,M,0.16666666666666652,U,LE3,T,health,services,course,mother,2,1,2,no,no,no,no,no,yes,yes,no,4,4,5,3,5,5,0.0,9,8,10,0.09999999999999987,1.5
GP,M,0.33333333333333304,R,LE3,T,at_home,other,course,mother,2,1,1,no,no,yes,yes,yes,no,yes,yes,3,3,2,2,2,5,0.25,8,8,9,0.0,1.5
GP,M,0.0,U,LE3,T,other,other,course,mother,2,1,0,no,no,no,yes,yes,yes,no,no,4,4,4,2,4,5,0.0625,8,9,10,0.09999999999999987,1.5
GP,M,0.16666666666666652,U,GT3,T,at_home,services,course,father,1,1,1,no,no,no,no,yes,no,yes,no,5,3,3,1,4,2,0.0625,9,8,8,0.0,2.0
GP,M,0.16666666666666652,U,GT3,T,other,other,course,father,1,2,0,no,no,no,no,yes,no,yes,no,4,3,5,2,4,4,0.0,9,10,11,0.25,2.0
GP,F,0.16666666666666652,U,GT3,T,other,other,home,mother,1,2,0,no,yes,no,no,no,yes,yes,no,5,1,5,1,1,4,0.0,12,12,13,0.6000000000000001,2.0
GP,M,0.16666666666666652,U,GT3,T,other,other,course,father,3,1,1,no,yes,no,yes,no,yes,yes,no,3,4,5,2,4,2,0.125,9,9,10,0.15000000000000013,3.5
GP,M,0.33333333333333304,U,LE3,T,teacher,other,reputation,mother,1,2,0,no,yes,no,yes,yes,yes,yes,no,4,4,4,1,3,5,0.0,11,9,10,0.25,4.0
GP,F,0.16666666666666652,U,GT3,T,at_home,services,home,mother,1,2,0,no,no,no,yes,no,yes,yes,yes,4,3,5,1,1,3,0.0,14,13,13,0.7500000000000002,2.0
GP,F,0.16666666666666652,U,LE3,T,other,other,reputation,mother,2,2,0,no,yes,no,yes,yes,yes,yes,no,4,4,5,1,1,4,0.0,14,14,15,0.9000000000000001,3.0
GP,M,0.33333333333333304,U,LE3,T,teacher,other,course,mother,2,2,0,no,no,no,yes,yes,yes,yes,no,4,4,4,4,4,4,0.0,10,11,11,0.34999999999999987,3.5
GP,F,0.16666666666666652,U,GT3,T,services,other,reputation,mother,2,2,0,no,no,no,yes,no,yes,yes,no,3,4,4,1,4,5,0.0,13,12,14,0.7,2.0
GP,M,0.33333333333333304,U,GT3,T,other,other,reputation,father,1,2,0,no,no,no,yes,no,yes,yes,no,4,3,4,1,4,4,0.125,11,9,10,0.25,3.0
GP,M,0.16666666666666652,R,GT3,T,teacher,services,other,mother,1,1,0,no,yes,no,yes,yes,yes,yes,yes,4,3,3,3,4,3,0.25,10,9,11,0.25,3.0
GP,M,0.33333333333333304,U,GT3,T,other,other,course,mother,1,2,0,no,yes,yes,yes,yes,yes,yes,yes,5,2,3,1,1,2,0.125,11,11,13,0.5,3.5
GP,M,0.16666666666666652,U,GT3,T,teacher,other,home,mother,1,2,0,no,yes,yes,yes,yes,yes,yes,no,3,4,3,2,3,3,0.125,11,10,11,0.34999999999999987,3.5
GP,M,0.16666666666666652,U,GT3,T,services,other,home,mother,1,2,0,no,no,no,yes,yes,yes,yes,yes,4,2,3,1,2,3,0.0,11,12,13,0.55,3.0
GP,F,0.33333333333333304,U,LE3,T,other,other,reputation,mother,1,2,0,no,yes,no,yes,yes,yes,yes,yes,5,3,3,2,3,1,1.0,14,13,14,0.8,3.0
GP,F,0.16666666666666652,U,GT3,T,other,other,reputation,mother,1,2,0,no,yes,no,no,yes,yes,yes,no,1,2,2,1,2,1,0.25,14,15,16,1.0000000000000002,2.5
GP,M,0.33333333333333304,U,GT3,T,services,services,other,mother,1,2,0,no,yes,no,yes,yes,yes,yes,yes,4,3,4,2,3,4,0.1875,11,13,14,0.6499999999999999,3.0
GP,M,0.16666666666666652,U,GT3,T,services,services,other,mother,1,1,0,no,yes,no,yes,yes,yes,yes,yes,3,3,3,1,2,3,0.0,10,9,11,0.25,1.5
GP,M,0.16666666666666652,U,LE3,T,other,other,course,mother,1,2,0,no,no,no,yes,yes,yes,yes,yes,4,2,3,1,2,5,0.0,13,14,16,0.9000000000000001,1.5
GP,F,0.33333333333333304,U,GT3,A,health,other,reputation,mother,1,2,0,no,yes,no,no,no,yes,yes,yes,3,3,3,1,3,3,0.3125,12,13,14,0.7,3.0
GP,M,0.33333333333333304,R,GT3,T,at_home,other,home,mother,1,2,0,no,no,no,no,yes,yes,no,no,3,1,3,1,5,3,0.1875,9,9,10,0.15000000000000013,1.5
GP,F,0.16666666666666652,U,GT3,T,services,services,course,mother,1,2,0,no,no,no,no,yes,yes,yes,no,4,3,3,1,1,2,0.1875,12,12,13,0.6000000000000001,2.5
GP,F,0.33333333333333304,U,GT3,T,at_home,services,course,mother,1,2,0,no,no,no,yes,yes,yes,yes,no,5,3,3,1,1,3,0.0,12,11,12,0.5,1.0
GP,M,0.33333333333333304,U,GT3,T,at_home,services,other,other,2,2,0,no,no,no,yes,no,yes,yes,no,4,4,4,4,5,5,0.5,10,11,12,0.40000000000000013,1.5
GP,M,0.16666666666666652,R,GT3,T,services,services,reputation,mother,1,1,0,no,yes,no,yes,yes,yes,yes,no,4,3,2,3,4,5,0.0,11,10,10,0.30000000000000004,3.0
GP,M,0.16666666666666652,U,GT3,T,other,other,home,father,2,1,0,no,no,no,no,yes,yes,yes,no,5,3,3,1,1,3,0.0,13,12,12,0.6000000000000001,2.5
GP,F,0.33333333333333304,U,LE3,T,services,services,course,father,1,2,0,no,no,no,yes,yes,yes,yes,yes,4,3,2,1,1,5,0.25,14,15,16,1.0000000000000002,3.0
GP,M,0.33333333333333304,U,GT3,T,services,teacher,home,mother,1,1,0,no,no,no,no,yes,yes,yes,no,5,2,3,1,2,5,0.125,13,13,14,0.7500000000000002,4.0
GP,M,0.16666666666666652,R,LE3,T,teacher,other,home,father,3,1,0,no,yes,no,yes,yes,yes,yes,no,3,3,4,3,5,3,0.5,10,11,12,0.40000000000000013,3.0
GP,F,0.33333333333333304,U,GT3,T,services,teacher,home,mother,2,1,1,no,yes,no,no,yes,yes,yes,no,4,2,4,2,3,2,0.9375,14,15,16,1.0000000000000002,4.0
GP,F,0.16666666666666652,U,LE3,T,teacher,teacher,reputation,mother,1,2,0,no,yes,no,no,yes,yes,yes,no,4,5,2,1,2,3,0.0,11,10,11,0.34999999999999987,4.0
GP,F,0.16666666666666652,U,GT3,T,health,other,home,mother,1,2,0,no,yes,no,yes,yes,yes,yes,no,4,3,5,1,5,2,0.0625,14,14,15,0.9000000000000001,3.5
GP,F,0.16666666666666652,U,GT3,T,other,other,reputation,mother,1,2,0,yes,yes,no,yes,yes,yes,no,no,4,4,3,1,3,4,0.125,11,12,12,0.5,2.5
GP,F,0.33333333333333304,U,GT3,T,other,other,course,mother,1,2,0,no,yes,no,no,no,yes,no,no,4,4,4,1,3,1,0.0,14,15,15,0.95,1.0
GP,F,0.33333333333333304,R,GT3,T,other,other,reputation,mother,1,1,0,no,yes,no,no,yes,yes,yes,no,5,3,2,1,2,3,0.65625,13,13,13,0.7,2.0
GP,F,0.16666666666666652,R,GT3,T,services,services,reputation,mother,2,4,0,no,yes,no,yes,no,yes,yes,no,5,3,5,1,1,5,0.1875,13,13,13,0.7,2.0
GP,F,0.33333333333333304,U,GT3,T,at_home,services,home,mother,1,3,1,no,yes,yes,no,yes,yes,yes,yes,4,4,3,3,4,5,0.4375,8,9,8,0.0,3.5
GP,F,0.16666666666666652,U,GT3,A,services,other,course,mother,1,2,0,no,yes,no,no,yes,yes,yes,no,2,3,3,2,2,4,0.0625,11,11,12,0.4500000000000002,2.0
GP,F,0.16666666666666652,U,GT3,T,teacher,other,other,mother,1,2,0,no,no,no,yes,yes,yes,yes,yes,1,3,2,1,1,1,0.125,14,15,15,0.95,3.5
GP,F,0.16666666666666652,U,GT3,T,at_home,other,home,mother,2,1,0,no,yes,no,no,yes,yes,no,no,4,3,2,1,4,5,0.0625,12,13,13,0.6499999999999999,1.0
GP,F,0.33333333333333304,R,GT3,T,teacher,other,reputation,mother,2,3,0,no,yes,no,yes,yes,yes,yes,yes,4,4,2,1,1,4,0.0,11,12,12,0.5,3.5
GP,F,0.6666666666666665,U,GT3,T,other,other,reputation,other,1,4,0,no,yes,no,yes,yes,yes,yes,no,4,3,3,1,2,3,0.125,12,12,12,0.55,3.0
GP,M,0.33333333333333304,U,LE3,T,services,other,home,mother,1,2,0,no,yes,no,no,yes,yes,yes,yes,5,3,5,4,5,3,0.46875,13,12,12,0.6000000000000001,4.0
GP,F,0.16666666666666652,U,GT3,A,other,other,reputation,mother,1,2,0,yes,yes,no,no,yes,yes,yes,no,3,3,4,1,1,4,0.0,13,13,13,0.7,2.0
GP,M,0.5,U,GT3,T,services,other,home,mother,1,2,0,no,yes,no,yes,yes,yes,yes,no,4,4,4,2,4,5,0.3125,12,11,11,0.4500000000000002,2.0
GP,F,0.33333333333333304,R,LE3,T,services,other,other,mother,1,1,0,no,yes,no,no,yes,yes,no,no,5,2,1,1,2,3,0.1875,12,11,11,0.4500000000000002,4.0
GP,F,0.33333333333333304,U,LE3,T,other,other,reputation,mother,2,2,0,no,no,no,no,yes,yes,yes,no,4,4,4,1,3,1,0.0625,14,16,15,1.0000000000000002,2.5
GP,F,0.33333333333333304,U,GT3,T,other,other,reputation,mother,1,2,0,no,no,no,no,yes,yes,yes,yes,3,4,5,2,4,1,0.5,11,9,10,0.25,3.5
GP,M,0.5,U,LE3,T,services,health,home,father,1,2,0,no,yes,no,no,yes,yes,yes,no,3,2,4,2,4,4,0.3125,10,10,10,0.25,3.0
GP,F,0.33333333333333304,U,GT3,T,at_home,other,home,father,2,1,0,no,yes,no,no,yes,yes,no,no,3,3,3,1,4,3,0.125,12,13,13,0.6499999999999999,2.5
GP,F,0.33333333333333304,U,GT3,T,at_home,at_home,course,mother,1,3,0,no,yes,no,yes,yes,yes,yes,no,4,3,3,1,1,4,0.0,12,12,13,0.6000000000000001,2.0
GP,F,0.33333333333333304,R,GT3,T,at_home,services,reputation,mother,2,2,0,no,yes,no,yes,yes,yes,yes,no,4,2,5,1,2,5,0.0,11,10,11,0.34999999999999987,1.5
GP,F,0.33333333333333304,U,GT3,T,at_home,other,reputation,mother,1,3,0,no,yes,no,yes,yes,yes,no,yes,4,3,4,1,1,5,0.375,12,12,12,0.55,1.0
GP,F,0.16666666666666652,U,GT3,T,services,teacher,other,mother,1,2,0,yes,no,no,no,yes,yes,yes,no,2,3,1,1,1,3,0.0,13,13,14,0.7500000000000002,2.5
GP,M,0.5,U,GT3,T,other,other,home,mother,2,2,3,no,yes,yes,no,yes,yes,yes,no,3,3,3,5,5,4,0.28125,10,9,10,0.19999999999999996,2.0
GP,M,0.33333333333333304,U,LE3,T,services,services,reputation,father,1,2,0,no,yes,no,no,no,yes,yes,no,5,3,3,1,3,3,0.0,10,11,11,0.34999999999999987,2.5
GP,M,0.5,U,LE3,T,at_home,other,course,mother,4,2,0,yes,yes,no,yes,yes,yes,yes,yes,4,3,2,4,5,3,0.0625,9,10,11,0.25,1.5
GP,F,0.33333333333333304,U,LE3,T,health,other,reputation,father,1,2,0,no,no,no,yes,yes,yes,yes,yes,3,2,3,1,2,3,0.0,14,12,12,0.6499999999999999,3.5
GP,M,0.33333333333333304,R,GT3,T,other,other,course,father,2,2,0,no,yes,no,yes,yes,yes,yes,no,4,5,2,1,1,1,0.0,12,13,13,0.6499999999999999,2.0
GP,M,0.33333333333333304,U,GT3,T,teacher,teacher,reputation,mother,1,2,0,yes,yes,no,yes,yes,yes,yes,yes,4,5,5,1,3,2,0.0,13,13,13,0.7,4.0
GP,M,0.16666666666666652,U,GT3,T,health,other,reputation,father,1,2,0,no,yes,no,yes,yes,yes,yes,no,4,2,4,2,4,1,0.0,13,13,14,0.7500000000000002,4.0
GP,M,0.16666666666666652,U,LE3,T,other,other,home,mother,2,2,0,no,yes,no,no,yes,yes,yes,no,3,4,2,1,1,5,0.0625,9,9,9,0.09999999999999987,1.0
GP,M,0.16666666666666652,U,GT3,T,at_home,other,reputation,mother,2,3,0,no,no,no,yes,yes,yes,yes,yes,5,3,3,1,3,2,0.0,12,12,12,0.55,2.5
GP,F,0.16666666666666652,U,GT3,T,other,other,home,mother,1,1,0,no,no,no,no,yes,yes,yes,yes,4,5,2,1,1,5,0.125,9,10,10,0.19999999999999996,1.5
GP,F,0.16666666666666652,U,GT3,A,other,other,home,mother,1,2,0,no,no,no,yes,yes,yes,yes,yes,5,3,3,1,2,5,0.0,14,13,13,0.7500000000000002,2.5
GP,F,0.5,U,LE3,A,services,other,course,mother,2,2,1,no,yes,no,no,yes,yes,yes,no,4,3,3,1,1,3,0.5625,10,10,10,0.25,3.0
GP,F,0.5,U,LE3,T,at_home,services,course,mother,1,2,1,no,yes,no,no,no,yes,yes,yes,5,3,1,1,1,5,0.5,9,8,10,0.09999999999999987,2.0
GP,M,0.33333333333333304,U,GT3,T,teacher,teacher,course,mother,1,1,0,no,yes,no,yes,no,yes,yes,no,4,2,1,1,2,5,0.1875,10,8,9,0.09999999999999987,4.0
GP,F,0.33333333333333304,U,GT3,T,other,other,course,father,1,2,0,no,no,no,yes,yes,yes,no,no,5,4,2,1,1,3,0.125,14,14,15,0.9000000000000001,2.5
GP,F,0.33333333333333304,U,LE3,T,at_home,at_home,course,mother,1,3,0,no,yes,no,yes,yes,yes,yes,yes,4,3,2,1,2,4,0.3125,11,10,10,0.30000000000000004,1.0
GP,F,0.16666666666666652,U,GT3,T,other,other,course,mother,1,1,0,no,no,no,no,yes,no,yes,no,5,3,5,1,2,5,0.125,12,11,11,0.4500000000000002,1.5
GP,F,0.33333333333333304,R,GT3,T,at_home,services,course,mother,3,2,0,no,no,no,yes,yes,yes,no,no,2,1,1,1,1,3,0.0625,13,13,13,0.7,1.5
GP,F,0.33333333333333304,R,LE3,A,other,other,course,other,4,1,1,no,yes,no,no,yes,yes,yes,no,5,5,4,1,1,5,0.4375,9,9,8,0.04999999999999982,2.5
GP,F,0.33333333333333304,U,LE3,A,other,other,home,mother,1,1,1,no,yes,no,no,no,no,yes,no,3,1,2,1,1,1,0.25,11,9,10,0.25,2.0
GP,F,0.33333333333333304,R,LE3,T,at_home,other,course,mother,2,3,0,no,no,no,yes,yes,yes,yes,no,4,3,3,1,3,5,0.125,15,14,15,0.95,1.0
GP,F,0.33333333333333304,U,LE3,A,teacher,other,course,mother,1,2,0,no,yes,no,yes,yes,yes,no,no,4,3,2,1,1,4,0.125,15,14,14,0.9000000000000001,3.0
GP,M,0.33333333333333304,U,LE3,T,health,other,course,mother,2,2,0,no,no,no,yes,yes,yes,yes,yes,2,5,5,1,4,5,0.25,15,15,15,1.0000000000000002,3.5
GP,M,0.33333333333333304,R,LE3,A,teacher,other,course,mother,2,2,0,no,yes,no,no,yes,yes,yes,no,3,3,3,2,3,4,0.0,12,12,12,0.55,4.0
GP,M,0.16666666666666652,U,LE3,T,teacher,other,course,mother,1,1,0,no,no,no,yes,no,yes,yes,no,5,4,5,1,1,3,0.21875,14,14,15,0.9000000000000001,3.5
GP,M,0.16666666666666652,U,GT3,T,services,services,course,mother,1,1,0,no,no,yes,yes,yes,yes,yes,no,5,3,2,1,2,5,0.125,14,15,15,0.95,4.0
GP,F,0.33333333333333304,U,GT3,T,teacher,services,course,mother,1,2,0,no,yes,yes,no,yes,yes,yes,yes,5,3,1,1,4,5,0.0625,11,11,12,0.4500000000000002,4.0
GP,M,0.33333333333333304,R,GT3,T,other,other,home,father,2,3,0,no,no,no,no,no,yes,yes,yes,4,3,3,1,1,1,0.0625,13,14,15,0.8500000000000003,1.0
GP,F,0.33333333333333304,U,GT3,T,services,other,home,mother,2,3,0,no,yes,no,no,yes,yes,yes,yes,4,2,2,2,3,5,0.3125,11,11,11,0.40000000000000013,3.0
GP,F,0.33333333333333304,U,GT3,T,at_home,other,course,mother,1,2,0,yes,no,no,no,no,yes,no,yes,4,3,2,1,1,4,0.3125,10,9,10,0.19999999999999996,1.0
GP,F,0.5,U,GT3,T,other,other,course,other,2,3,0,no,yes,no,no,no,yes,yes,yes,4,4,4,1,1,3,0.3125,12,10,11,0.40000000000000013,1.5
GP,F,0.33333333333333304,U,GT3,T,other,services,course,father,1,2,0,no,yes,no,no,yes,yes,no,no,4,3,4,1,2,5,0.125,11,10,11,0.34999999999999987,1.0
GP,M,0.33333333333333304,U,GT3,T,other,other,course,father,2,1,0,no,no,no,no,yes,yes,yes,no,5,2,2,1,1,2,0.0625,9,12,13,0.4500000000000002,2.5
GP,M,0.5,R,LE3,T,other,services,course,mother,1,2,0,no,yes,no,no,yes,yes,yes,yes,4,3,3,1,3,5,0.25,10,9,10,0.19999999999999996,3.0
GP,M,0.16666666666666652,U,GT3,T,other,other,other,mother,1,1,0,no,no,no,no,no,yes,yes,no,4,3,2,2,4,5,0.0,11,12,11,0.4500000000000002,1.0
GP,M,0.16666666666666652,U,GT3,T,at_home,other,reputation,other,3,2,1,yes,yes,no,no,no,yes,yes,no,5,3,3,1,3,2,0.125,9,11,10,0.25,3.0
GP,M,0.16666666666666652,R,GT3,T,other,other,course,mother,2,1,0,no,no,no,yes,no,yes,no,no,3,3,2,1,3,3,0.0625,14,13,12,0.7,1.5
GP,M,0.33333333333333304,R,GT3,T,other,other,course,mother,1,1,0,no,no,no,no,no,yes,yes,no,4,4,2,2,4,5,0.0,12,12,13,0.6000000000000001,1.5
GP,M,0.33333333333333304,U,LE3,T,health,other,course,mother,2,1,1,no,yes,no,yes,yes,yes,yes,no,4,4,4,1,2,5,0.0,9,10,10,0.19999999999999996,1.0
GP,F,0.5,U,LE3,A,other,other,course,mother,1,2,0,no,yes,no,no,no,yes,yes,yes,4,3,4,1,3,5,0.0625,12,12,13,0.6000000000000001,1.5
GP,F,0.6666666666666665,U,GT3,T,services,services,home,mother,1,2,0,no,yes,no,no,yes,yes,yes,no,4,3,3,1,1,5,0.0,10,10,11,0.30000000000000004,2.0
GP,M,0.5,U,LE3,T,services,other,course,mother,3,2,1,no,no,no,yes,no,no,yes,no,4,4,5,4,4,5,0.125,11,10,11,0.34999999999999987,1.5
GP,F,0.33333333333333304,R,GT3,T,other,other,course,mother,1,3,0,no,yes,no,yes,yes,yes,yes,no,4,3,4,1,3,5,0.0625,11,12,14,0.6000000000000001,3.0
GP,F,0.5,U,LE3,T,other,at_home,home,mother,1,3,0,no,yes,no,no,no,yes,no,no,4,4,3,2,3,3,0.125,11,12,14,0.6000000000000001,1.0
GP,F,0.5,R,GT3,T,other,other,home,mother,1,2,0,yes,no,no,no,yes,yes,no,no,3,2,3,1,1,5,0.125,11,11,13,0.5,2.0
GP,M,0.6666666666666665,U,LE3,A,services,at_home,reputation,mother,1,2,0,no,yes,no,no,yes,yes,yes,no,4,3,1,1,1,1,0.125,11,13,14,0.6499999999999999,3.5
GP,M,0.33333333333333304,R,GT3,T,other,services,other,mother,2,1,0,no,no,no,no,no,no,no,no,5,2,2,1,1,4,0.0,9,10,10,0.19999999999999996,2.0
GP,F,0.33333333333333304,U,LE3,T,services,services,course,father,1,4,0,no,no,no,yes,yes,yes,yes,yes,3,4,1,1,1,2,0.0625,10,11,12,0.40000000000000013,2.0
GP,F,0.833333333333333,R,GT3,T,other,other,course,other,2,2,0,no,yes,yes,yes,yes,no,yes,yes,1,2,3,1,2,2,0.25,10,12,12,0.4500000000000002,1.5
GP,F,0.5,U,GT3,T,services,other,home,father,1,2,0,no,yes,no,no,yes,yes,yes,yes,3,1,2,1,3,2,0.0625,15,15,15,1.0000000000000002,3.5
GP,M,0.5,U,GT3,T,teacher,other,course,mother,1,2,0,no,yes,no,no,no,yes,yes,no,4,3,2,1,1,3,0.0625,10,10,11,0.30000000000000004,3.5
GP,M,0.5,R,GT3,T,other,other,course,mother,1,3,0,no,no,no,yes,no,yes,no,no,5,3,2,1,1,3,0.0625,10,11,12,0.40000000000000013,2.5
GP,F,0.33333333333333304,U,GT3,T,other,other,home,mother,1,3,0,no,no,no,yes,no,yes,no,no,3,2,3,1,1,4,0.0625,15,12,13,0.7500000000000002,3.0
GP,F,0.5,U,GT3,T,at_home,services,home,mother,1,3,0,no,yes,no,yes,yes,yes,yes,yes,4,3,3,1,1,3,0.0,11,12,13,0.55,2.0
GP,M,0.33333333333333304,U,GT3,T,other,other,home,father,2,1,0,no,no,no,no,yes,no,yes,no,4,4,4,2,3,4,0.25,8,8,9,0.0,2.0
GP,M,0.33333333333333304,U,GT3,T,services,other,other,mother,1,2,0,no,no,no,yes,yes,yes,yes,yes,5,4,4,3,4,5,0.0,11,11,14,0.55,2.0
GP,F,0.5,R,GT3,T,teacher,other,reputation,mother,2,2,0,no,no,no,yes,yes,yes,yes,no,4,3,4,2,2,4,0.25,10,11,12,0.40000000000000013,4.0
GP,M,0.5,U,GT3,T,health,other,reputation,father,1,2,0,no,yes,no,yes,yes,yes,yes,yes,5,4,5,1,3,5,0.125,10,12,14,0.55,3.0
GP,F,0.5,R,GT3,T,other,other,reputation,mother,2,2,0,no,yes,no,no,yes,no,yes,yes,4,3,5,1,2,3,0.375,8,9,10,0.09999999999999987,1.5
GP,F,0.6666666666666665,U,GT3,T,other,services,home,other,1,2,0,no,yes,no,yes,yes,yes,yes,no,4,3,5,3,3,5,0.5,11,12,12,0.5,3.0
GP,F,0.5,U,LE3,T,other,other,home,mother,2,2,0,no,yes,no,no,no,yes,no,no,4,4,3,1,1,3,0.0625,13,13,13,0.7,1.0
GP,F,0.5,U,GT3,T,other,other,home,mother,1,2,0,no,yes,no,no,yes,yes,yes,yes,4,2,5,1,2,1,0.25,14,14,15,0.9000000000000001,1.5
GP,F,0.33333333333333304,U,LE3,T,services,other,course,mother,2,2,0,yes,yes,no,no,yes,yes,yes,yes,4,4,4,2,3,5,0.1875,12,12,12,0.55,2.0
GP,F,0.5,R,GT3,A,other,services,home,mother,2,2,0,no,no,no,no,no,no,yes,yes,4,1,1,1,1,5,0.46875,12,9,10,0.30000000000000004,2.5
GP,M,0.5,U,GT3,T,teacher,services,home,mother,2,1,0,no,no,no,yes,yes,yes,yes,no,3,2,4,1,4,3,0.1875,11,12,12,0.5,4.0
GP,F,0.5,U,GT3,T,health,health,reputation,father,1,2,1,yes,yes,no,yes,yes,yes,yes,yes,2,4,4,1,1,4,0.0625,14,12,13,0.7,4.0
GP,F,0.33333333333333304,U,GT3,T,other,services,reputation,father,3,3,0,no,yes,no,no,yes,yes,yes,yes,4,2,3,1,1,1,0.25,13,15,15,0.9000000000000001,2.0
GP,F,0.6666666666666665,R,GT3,T,services,services,reputation,father,1,2,1,yes,yes,no,no,yes,no,yes,no,3,3,3,4,3,3,0.0,9,8,10,0.09999999999999987,2.5
GP,M,0.5,U,LE3,T,teacher,services,course,mother,2,1,0,no,no,no,yes,yes,yes,yes,no,4,2,3,1,2,1,0.0,10,10,10,0.25,3.5
GP,M,0.5,U,GT3,T,at_home,other,home,other,2,1,0,no,no,no,no,no,no,yes,no,3,4,4,2,4,4,0.3125,10,10,11,0.30000000000000004,1.5
GP,M,0.33333333333333304,U,LE3,A,services,other,home,mother,2,1,0,no,no,no,yes,yes,yes,yes,yes,4,5,4,2,4,5,0.6875,11,11,10,0.34999999999999987,2.5
GP,M,0.33333333333333304,U,LE3,A,teacher,services,home,mother,1,1,0,no,no,no,no,yes,yes,yes,no,4,4,4,3,4,3,0.5625,13,13,13,0.7,2.5
GP,F,0.5,U,GT3,T,other,other,home,mother,2,2,0,yes,no,no,yes,yes,yes,yes,no,5,4,4,1,1,4,0.0,12,13,13,0.6499999999999999,1.0
GP,F,0.33333333333333304,U,GT3,T,other,other,course,mother,1,2,0,no,yes,no,no,no,yes,yes,no,5,4,5,1,2,5,0.375,12,12,14,0.6499999999999999,2.0
GP,F,0.5,U,GT3,T,other,other,reputation,mother,2,2,0,no,no,no,yes,yes,yes,yes,yes,4,3,1,1,1,5,0.3125,12,13,14,0.7,1.5
GP,M,0.33333333333333304,U,GT3,T,other,other,reputation,father,1,2,0,no,no,no,no,no,yes,yes,no,4,3,3,1,2,4,0.0,12,12,12,0.55,1.0
GP,F,0.33333333333333304,U,GT3,T,services,teacher,reputation,mother,1,3,0,no,yes,no,no,yes,yes,yes,no,4,3,3,1,1,3,0.0,13,13,14,0.7500000000000002,1.0
GP,M,0.5,U,GT3,T,services,services,reputation,mother,1,3,0,no,no,no,yes,yes,yes,yes,no,4,2,4,1,3,2,0.0,14,15,15,0.95,1.5
GP,M,0.5,R,LE3,T,services,other,reputation,mother,2,3,0,no,yes,no,yes,yes,yes,yes,no,5,4,2,1,1,4,0.0,14,15,15,0.95,2.5
GP,M,0.33333333333333304,U,GT3,T,health,other,home,mother,1,1,0,no,yes,no,no,yes,yes,yes,no,4,4,3,1,3,5,0.0,14,15,15,0.95,3.0
GP,F,0.6666666666666665,U,GT3,T,health,other,reputation,other,2,2,0,no,yes,no,yes,yes,yes,yes,no,2,3,4,2,3,2,0.0625,14,13,13,0.7500000000000002,4.0
GP,F,0.5,U,LE3,T,other,other,home,other,2,2,0,no,yes,no,no,yes,yes,yes,yes,4,4,5,1,2,2,0.0,13,14,14,0.8,3.5
GP,F,0.5,U,LE3,A,health,other,home,mother,1,2,0,no,yes,yes,no,yes,yes,yes,yes,4,2,4,1,1,4,0.0,14,15,15,0.95,4.0
GP,M,0.33333333333333304,U,LE3,T,other,teacher,home,father,2,1,0,no,no,no,no,yes,yes,yes,no,4,1,1,2,2,5,0.0,12,13,13,0.6499999999999999,4.0
GP,M,0.6666666666666665,R,LE3,T,at_home,services,course,mother,2,3,1,no,no,no,yes,yes,yes,yes,yes,4,3,1,1,1,5,0.0,9,10,11,0.25,1.5
GP,M,0.833333333333333,U,GT3,A,services,other,course,other,1,1,2,no,no,no,yes,yes,yes,no,no,5,5,3,1,1,5,0.0,14,15,15,0.95,2.5
GP,M,0.6666666666666665,R,GT3,T,other,services,reputation,father,1,2,0,no,no,no,yes,yes,yes,no,yes,4,5,3,1,2,5,0.0,10,10,11,0.30000000000000004,3.0
GP,F,0.5,U,GT3,T,other,teacher,home,mother,1,2,0,yes,yes,no,no,no,yes,no,yes,3,4,4,1,2,5,0.0625,10,10,11,0.30000000000000004,2.5
GP,F,0.5,U,GT3,T,services,other,course,mother,2,2,0,no,yes,no,yes,yes,yes,yes,no,5,3,3,1,2,1,0.0625,12,12,15,0.7,1.5
GP,F,0.33333333333333304,U,GT3,T,other,other,course,father,2,2,0,no,no,no,yes,yes,yes,yes,yes,4,2,1,1,1,3,0.0625,11,12,14,0.6000000000000001,2.5
GP,F,0.5,U,LE3,T,health,services,course,mother,2,1,0,no,yes,no,no,yes,yes,yes,no,3,2,4,1,4,1,0.25,12,12,15,0.7,3.5
GP,F,0.5,U,GT3,T,at_home,other,course,father,1,2,0,no,yes,no,no,yes,yes,yes,no,4,1,4,1,1,3,0.25,11,12,14,0.6000000000000001,3.0
GP,M,0.6666666666666665,U,GT3,T,health,other,course,mother,2,2,0,no,yes,no,yes,yes,yes,yes,yes,5,4,4,1,1,1,0.28125,11,10,10,0.30000000000000004,3.0
GP,F,0.5,U,GT3,T,teacher,other,course,mother,1,2,0,no,yes,no,no,yes,yes,yes,no,4,4,4,3,3,5,0.0,12,11,13,0.55,4.0
GP,F,0.5,U,GT3,T,other,other,course,mother,1,1,0,no,yes,no,yes,yes,yes,yes,yes,5,4,4,1,1,1,0.125,11,12,14,0.6000000000000001,3.5
GP,F,0.33333333333333304,U,LE3,A,services,other,home,mother,1,2,0,yes,yes,no,no,yes,yes,yes,no,5,3,3,1,1,5,0.0,12,12,13,0.6000000000000001,3.0
GP,F,0.33333333333333304,U,LE3,T,other,other,home,father,1,2,0,no,no,no,yes,yes,yes,yes,no,4,2,3,2,2,2,0.0625,11,12,14,0.6000000000000001,1.5
GP,M,0.5,U,LE3,T,other,other,reputation,father,1,1,0,no,yes,no,no,yes,yes,yes,no,4,2,5,3,4,5,0.0625,8,9,11,0.15000000000000013,4.0
GP,F,0.6666666666666665,U,GT3,T,other,other,course,other,3,3,0,no,no,no,yes,yes,no,no,yes,1,5,5,4,3,5,0.375,10,10,11,0.30000000000000004,1.0
GP,F,0.6666666666666665,U,LE3,A,other,other,course,other,3,2,2,no,yes,no,no,no,yes,yes,yes,5,3,4,1,1,4,0.0625,8,8,9,0.0,1.0
GP,F,0.5,U,GT3,T,other,other,course,mother,1,1,0,no,yes,no,yes,yes,yes,yes,yes,4,3,5,2,4,5,0.0625,10,10,10,0.25,2.0
GP,F,0.33333333333333304,U,GT3,T,other,other,course,mother,1,2,0,no,yes,no,no,yes,yes,no,yes,4,2,2,1,1,3,0.125,14,13,13,0.7500000000000002,2.0
GP,F,0.33333333333333304,R,LE3,T,services,services,course,mother,1,3,0,no,yes,no,yes,yes,yes,yes,no,3,3,2,2,2,3,0.0,11,11,10,0.34999999999999987,2.0
GP,F,0.33333333333333304,U,LE3,T,at_home,at_home,home,father,2,3,0,no,no,no,no,yes,yes,yes,no,3,3,3,2,3,2,0.0,14,14,15,0.9000000000000001,1.0
GP,F,0.5,U,GT3,T,other,other,home,mother,2,3,0,no,no,no,yes,yes,yes,yes,no,4,5,5,1,2,2,0.0,14,14,14,0.8500000000000003,1.0
GP,M,0.5,U,GT3,T,other,other,course,mother,1,3,0,no,no,no,yes,yes,yes,yes,no,4,3,3,2,2,3,0.0,13,14,13,0.7500000000000002,4.0
GP,M,0.33333333333333304,R,GT3,T,services,other,course,mother,4,1,0,no,yes,no,no,yes,yes,yes,no,4,4,5,5,5,4,0.0625,11,10,10,0.30000000000000004,2.0
GP,F,0.33333333333333304,U,GT3,T,teacher,services,course,mother,1,3,0,no,yes,no,yes,yes,yes,yes,no,5,4,4,1,3,4,0.0,13,12,13,0.6499999999999999,4.0
GP,F,0.33333333333333304,U,GT3,T,teacher,teacher,course,mother,2,3,0,no,yes,no,no,no,yes,yes,yes,4,3,3,1,2,4,0.125,15,14,15,0.95,4.0
GP,F,0.33333333333333304,U,GT3,T,at_home,other,course,mother,1,1,0,no,yes,yes,yes,yes,yes,yes,no,4,2,5,2,5,5,0.0625,11,12,11,0.4500000000000002,3.0
GP,M,0.5,U,LE3,T,other,other,course,mother,1,4,0,no,yes,yes,yes,yes,yes,yes,no,4,5,5,2,4,5,0.0,11,11,12,0.4500000000000002,2.0
GP,M,0.6666666666666665,R,GT3,T,at_home,services,home,other,1,1,0,no,yes,no,no,no,yes,no,yes,5,3,4,2,2,5,0.0,11,10,10,0.30000000000000004,2.5
GP,F,0.5,U,GT3,T,at_home,other,course,mother,4,2,0,no,no,no,yes,yes,yes,no,yes,4,2,5,1,1,2,0.0625,10,9,10,0.19999999999999996,2.0
GP,F,0.33333333333333304,R,GT3,T,at_home,other,course,father,1,3,0,no,yes,no,no,yes,yes,yes,yes,4,4,3,1,1,5,0.0,15,15,15,1.0000000000000002,3.0
GP,M,0.5,U,GT3,T,other,other,reputation,mother,1,1,0,no,no,no,no,no,yes,yes,no,5,4,2,1,2,5,0.1875,15,14,15,0.95,2.0
GP,F,0.5,U,GT3,T,services,services,home,mother,1,2,0,no,no,no,yes,yes,yes,yes,no,5,3,4,1,1,4,0.25,10,11,12,0.40000000000000013,3.0
GP,F,0.5,U,LE3,T,other,other,home,other,1,2,0,no,no,no,yes,no,yes,yes,yes,4,3,3,1,1,2,0.0,10,9,12,0.30000000000000004,2.0
GP,F,0.5,R,GT3,T,at_home,other,course,mother,2,4,0,no,no,no,yes,yes,yes,no,no,4,4,4,1,1,4,0.1875,14,13,14,0.8,2.0
GP,F,0.33333333333333304,U,GT3,T,services,other,course,mother,1,3,0,no,no,no,no,yes,yes,yes,no,4,4,5,1,3,5,0.25,11,13,14,0.6499999999999999,3.5
GP,F,0.33333333333333304,U,GT3,T,other,other,home,mother,1,2,0,no,yes,no,no,yes,yes,yes,yes,4,3,2,2,3,2,0.0,12,13,15,0.7500000000000002,2.5
GP,F,0.5,U,LE3,T,services,services,home,mother,1,4,0,no,yes,no,no,yes,yes,yes,no,5,3,3,1,1,1,0.125,14,14,15,0.9000000000000001,3.0
GP,F,0.33333333333333304,R,GT3,A,other,other,home,mother,1,2,0,no,yes,no,no,yes,yes,yes,no,4,3,3,2,3,2,0.0,14,14,16,0.95,2.5
GP,M,0.5,U,GT3,T,teacher,services,home,father,1,2,0,no,yes,no,yes,yes,yes,yes,no,4,3,3,2,2,2,0.0,12,12,13,0.6000000000000001,4.0
GP,F,0.33333333333333304,U,GT3,A,at_home,at_home,home,father,1,2,0,no,yes,no,no,yes,yes,yes,yes,3,3,1,1,2,4,0.5625,10,12,14,0.55,2.0
GP,F,0.5,U,GT3,T,at_home,other,course,mother,1,3,0,no,yes,no,no,yes,yes,yes,no,4,3,3,1,2,3,0.0,11,12,14,0.6000000000000001,2.5
GP,M,0.5,U,GT3,T,teacher,other,course,mother,1,3,0,no,yes,no,no,yes,yes,yes,yes,5,4,5,2,3,5,0.0,14,13,14,0.8,3.5
GP,F,0.33333333333333304,U,GT3,T,health,other,reputation,mother,1,3,0,no,yes,no,yes,yes,yes,yes,yes,4,4,3,1,3,4,0.0,11,12,13,0.55,3.5
GP,F,0.33333333333333304,U,GT3,T,services,other,course,mother,2,2,0,no,yes,no,yes,yes,yes,yes,yes,4,3,4,2,2,1,0.3125,12,15,15,0.8500000000000003,1.5
GP,F,0.33333333333333304,U,GT3,T,services,other,reputation,mother,1,2,0,no,yes,no,yes,yes,yes,yes,no,4,3,5,2,4,4,0.125,12,16,16,0.95,1.5
GP,F,0.6666666666666665,U,LE3,A,at_home,other,home,other,2,1,1,no,no,no,no,yes,no,yes,no,2,2,3,3,4,5,0.5,10,11,11,0.34999999999999987,2.5
GP,F,0.33333333333333304,U,GT3,T,other,at_home,home,mother,1,1,1,no,yes,yes,no,yes,yes,yes,yes,4,1,2,1,1,3,0.1875,10,13,13,0.55,2.0
GP,F,1.0,U,LE3,T,other,other,reputation,other,1,3,2,no,no,yes,yes,yes,yes,yes,no,3,3,2,1,1,5,0.0,9,12,12,0.40000000000000013,4.0
GP,M,0.5,U,LE3,T,services,services,reputation,mother,1,2,0,no,yes,no,yes,no,no,yes,no,4,4,4,1,3,3,0.34375,9,11,12,0.34999999999999987,2.0
GP,M,0.5,U,LE3,A,other,other,reputation,other,1,2,0,no,no,no,yes,yes,yes,yes,yes,4,3,5,1,4,2,0.28125,13,14,15,0.8500000000000003,3.5
GP,M,0.33333333333333304,U,LE3,A,health,other,reputation,mother,1,3,0,no,yes,no,no,yes,yes,yes,no,4,4,2,1,2,4,0.0625,12,15,15,0.8500000000000003,4.0
GP,M,1.0,R,LE3,T,at_home,other,course,other,2,2,2,no,yes,no,yes,yes,no,yes,yes,5,3,3,5,2,4,0.65625,9,10,10,0.19999999999999996,1.0
GP,F,0.833333333333333,R,GT3,T,other,other,reputation,other,2,3,0,no,no,no,no,yes,yes,yes,yes,3,2,2,1,3,3,0.25,11,15,15,0.8,1.0
GP,F,0.6666666666666665,U,GT3,T,teacher,other,home,other,1,1,1,no,yes,no,no,yes,yes,yes,yes,3,2,5,4,4,5,0.15625,9,10,11,0.25,4.0
GP,M,0.5,R,GT3,T,other,services,reputation,father,1,1,0,no,no,no,no,yes,yes,yes,no,3,1,3,4,5,4,0.40625,13,14,14,0.8,2.5
GP,M,0.6666666666666665,U,GT3,T,other,other,reputation,mother,1,1,0,no,no,no,no,yes,yes,yes,no,5,3,4,1,4,4,0.3125,7,11,11,0.19999999999999996,1.5
GP,F,0.833333333333333,U,GT3,T,other,other,reputation,mother,2,1,1,yes,no,no,no,yes,yes,yes,yes,5,3,1,1,1,5,0.15625,8,10,10,0.15000000000000013,0.5
GP,F,0.5,U,GT3,T,services,other,home,mother,1,2,0,no,yes,no,yes,no,yes,yes,yes,3,1,2,1,2,1,0.125,10,13,13,0.55,2.5
MS,F,0.16666666666666652,U,GT3,T,at_home,other,other,father,2,1,0,no,yes,no,no,yes,no,yes,yes,4,3,3,1,3,5,0.34375,10,11,11,0.34999999999999987,2.0
MS,F,0.16666666666666652,R,GT3,T,other,other,course,mother,2,2,0,no,yes,no,yes,yes,yes,yes,no,4,4,4,1,1,5,0.0,12,12,12,0.55,2.0
MS,F,0.0,R,GT3,T,at_home,services,other,mother,1,1,1,no,yes,no,no,yes,yes,no,yes,4,1,3,1,1,2,0.1875,10,10,10,0.25,1.0
MS,F,0.0,R,GT3,T,at_home,other,course,mother,2,1,0,no,yes,no,no,yes,yes,yes,no,5,4,4,2,3,5,0.125,10,10,11,0.30000000000000004,3.0
MS,M,0.16666666666666652,R,LE3,A,at_home,other,home,mother,1,2,0,no,yes,no,no,yes,yes,no,no,5,3,2,1,3,2,0.15625,10,11,11,0.34999999999999987,4.0
MS,M,0.16666666666666652,U,GT3,A,other,other,other,mother,1,3,0,yes,no,no,no,yes,yes,yes,no,4,4,3,1,1,5,0.0,10,11,11,0.34999999999999987,1.5
MS,F,0.33333333333333304,R,GT3,T,at_home,other,course,father,1,2,1,no,no,no,no,yes,yes,no,yes,4,5,4,1,2,5,0.0,10,10,10,0.25,2.5
MS,F,0.0,R,GT3,T,teacher,other,course,mother,2,1,0,no,no,no,no,yes,yes,yes,yes,1,5,1,3,5,5,0.0,13,14,14,0.8,4.0
MS,F,0.16666666666666652,U,LE3,A,at_home,other,reputation,mother,2,4,0,no,no,no,yes,no,no,no,yes,1,2,1,1,1,1,0.125,10,9,11,0.25,2.0
MS,F,0.0,R,LE3,T,at_home,services,reputation,father,2,2,0,no,yes,no,no,yes,yes,yes,no,5,4,3,1,2,4,0.0,10,10,10,0.25,1.0
MS,F,0.16666666666666652,R,GT3,T,other,other,other,mother,2,1,0,no,yes,no,yes,yes,yes,no,no,3,2,3,1,2,2,0.0,12,11,12,0.5,1.0
MS,F,0.33333333333333304,R,GT3,T,other,other,course,mother,2,1,0,no,yes,no,no,yes,yes,yes,no,5,5,5,1,3,3,0.0625,10,11,12,0.40000000000000013,2.5
MS,M,0.33333333333333304,U,GT3,T,other,other,home,mother,1,2,0,no,no,yes,no,no,yes,yes,no,4,4,3,2,4,5,0.125,8,9,9,0.04999999999999982,1.0
MS,M,0.0,R,LE3,T,health,services,reputation,father,1,2,0,no,yes,no,yes,yes,yes,yes,no,5,3,4,1,2,2,0.0,12,13,14,0.7,2.5
MS,M,0.16666666666666652,R,GT3,T,other,health,other,mother,3,2,0,no,no,no,no,no,yes,no,no,3,4,5,1,2,5,0.125,9,10,11,0.25,3.5
MS,M,0.0,R,GT3,T,other,other,course,mother,4,2,0,no,yes,no,yes,yes,yes,no,yes,5,4,5,2,4,4,0.25,7,9,9,0.0,1.0
MS,M,0.0,U,LE3,T,at_home,at_home,reputation,father,1,2,0,no,yes,no,yes,yes,yes,yes,no,5,3,3,1,1,5,0.0,11,11,11,0.40000000000000013,3.0
MS,M,0.33333333333333304,R,GT3,T,other,other,other,mother,3,1,0,no,no,no,yes,yes,no,no,yes,5,5,5,5,5,3,0.25,8,10,9,0.09999999999999987,1.5
MS,F,0.0,R,GT3,T,other,services,course,mother,2,1,0,no,no,no,no,yes,yes,no,no,5,1,2,1,1,1,0.09375,11,13,13,0.6000000000000001,1.5
MS,F,0.16666666666666652,R,GT3,T,other,services,course,mother,3,2,0,no,yes,no,no,yes,yes,yes,no,4,5,4,1,2,1,0.0625,15,15,15,1.0000000000000002,2.5
MS,M,0.16666666666666652,R,GT3,T,other,other,course,father,2,2,0,no,no,no,no,yes,yes,no,no,4,3,3,1,1,5,0.0,10,11,11,0.34999999999999987,1.5
MS,F,0.16666666666666652,R,GT3,T,other,other,course,mother,3,2,0,no,yes,no,no,yes,yes,yes,no,4,4,5,1,1,4,0.125,9,10,11,0.25,2.0
MS,F,0.16666666666666652,U,GT3,T,other,services,course,mother,1,3,1,no,yes,no,no,yes,yes,no,no,1,3,2,1,2,4,0.0,10,8,8,0.04999999999999982,1.5
MS,F,0.16666666666666652,U,GT3,T,other,services,course,mother,1,3,1,no,yes,no,no,yes,yes,no,no,1,3,2,1,2,4,0.09375,9,8,8,0.0,1.5
MS,F,0.0,U,GT3,T,at_home,other,home,mother,1,2,0,yes,yes,no,no,no,yes,yes,no,4,4,2,3,3,2,0.0,9,10,9,0.15000000000000013,1.5
MS,F,0.16666666666666652,U,GT3,T,at_home,other,course,father,1,2,0,no,yes,no,no,no,yes,no,yes,5,4,3,2,1,2,0.0,13,14,15,0.8500000000000003,1.0
MS,M,0.33333333333333304,R,LE3,T,at_home,services,reputation,mother,1,1,0,no,yes,no,yes,yes,yes,yes,no,5,5,5,5,5,3,0.125,10,11,11,0.34999999999999987,1.5
MS,F,0.16666666666666652,R,GT3,T,other,other,home,father,4,4,0,no,yes,no,no,no,yes,yes,no,4,3,2,1,1,1,0.0,13,10,13,0.55,1.0
MS,F,0.16666666666666652,R,GT3,T,at_home,other,other,father,4,3,0,yes,yes,no,no,yes,yes,no,no,4,4,3,1,1,5,0.0625,10,9,10,0.19999999999999996,1.0
MS,F,0.0,R,GT3,T,at_home,other,home,father,2,2,0,no,yes,no,yes,yes,yes,yes,no,4,3,3,1,1,2,0.03125,11,10,11,0.34999999999999987,1.0
MS,F,0.16666666666666652,R,GT3,T,at_home,other,other,mother,2,1,0,no,no,no,yes,yes,yes,yes,yes,4,2,2,4,3,2,0.0,13,12,14,0.7,1.0
MS,F,0.0,R,GT3,T,at_home,at_home,course,father,3,2,0,no,yes,no,no,yes,yes,no,no,4,2,1,1,2,2,0.0,13,14,14,0.8,1.0
MS,F,0.0,R,LE3,T,other,other,other,father,1,3,0,yes,yes,no,no,yes,yes,no,no,4,4,3,2,2,5,0.0625,14,11,12,0.6000000000000001,2.0
MS,M,0.16666666666666652,R,GT3,T,at_home,other,other,father,2,1,0,no,no,no,yes,yes,yes,no,no,3,4,4,3,4,5,0.1875,11,11,11,0.40000000000000013,1.0
MS,F,0.5,U,GT3,T,other,other,course,father,1,2,1,no,yes,no,yes,yes,yes,yes,yes,3,4,4,2,3,5,0.28125,9,8,8,0.0,1.5
MS,M,0.0,U,GT3,T,other,services,home,mother,2,1,0,no,yes,no,no,yes,yes,no,no,3,2,3,1,3,4,0.0,10,9,11,0.25,2.0
MS,F,0.16666666666666652,R,GT3,T,other,services,course,father,3,2,0,no,yes,no,yes,yes,yes,yes,no,5,3,4,1,1,2,0.03125,14,13,14,0.8,2.0
MS,M,0.0,U,GT3,T,health,other,reputation,mother,3,1,0,no,no,no,no,yes,yes,no,no,4,3,3,1,2,4,0.03125,13,12,13,0.6499999999999999,2.0
MS,M,0.16666666666666652,U,GT3,T,other,teacher,course,father,1,2,0,no,yes,no,yes,yes,yes,no,yes,4,3,1,1,1,3,0.0,13,12,13,0.6499999999999999,4.0
MS,F,0.0,R,GT3,T,services,other,reputation,mother,1,2,0,no,yes,no,no,yes,yes,yes,yes,4,5,4,1,1,1,0.125,13,12,12,0.6000000000000001,3.0
MS,F,0.16666666666666652,R,GT3,T,at_home,other,course,mother,2,2,1,no,yes,no,yes,no,yes,no,no,4,4,4,2,3,5,0.0625,12,11,12,0.5,2.0
MS,F,0.16666666666666652,R,LE3,T,other,other,home,father,3,1,0,no,yes,no,yes,yes,yes,no,yes,4,3,2,1,1,4,0.0,14,14,16,0.95,2.0
MS,M,0.16666666666666652,U,LE3,T,at_home,services,course,mother,2,1,0,no,yes,no,yes,yes,yes,yes,no,2,4,3,2,3,4,0.125,10,8,10,0.15000000000000013,1.5
MS,M,0.0,R,LE3,T,at_home,other,reputation,father,3,1,0,no,yes,no,yes,yes,yes,yes,no,4,2,4,3,5,3,0.0625,10,11,11,0.34999999999999987,2.0
MS,F,0.0,U,GT3,T,other,services,course,mother,2,3,0,no,yes,no,yes,yes,yes,no,no,5,3,2,1,1,4,0.0,12,13,14,0.7,2.0
MS,F,0.16666666666666652,R,LE3,T,other,other,home,mother,1,1,0,no,yes,no,no,yes,yes,yes,yes,5,4,3,1,1,5,0.0625,10,8,8,0.04999999999999982,1.5
MS,M,0.0,U,GT3,T,services,services,course,father,2,1,0,no,yes,no,yes,no,yes,yes,no,4,3,3,2,4,3,0.34375,12,10,11,0.40000000000000013,3.0
MS,F,0.33333333333333304,U,GT3,T,other,at_home,course,mother,1,1,0,no,yes,no,yes,yes,no,no,no,4,5,3,1,1,5,0.125,9,9,10,0.15000000000000013,2.0
MS,F,0.6666666666666665,U,GT3,T,at_home,services,course,other,1,1,1,no,no,no,no,yes,no,yes,yes,4,4,4,1,1,2,0.0,9,9,10,0.15000000000000013,2.5
MS,F,0.33333333333333304,R,GT3,T,at_home,other,course,mother,3,1,0,no,yes,no,yes,yes,no,no,yes,5,5,3,1,1,3,0.0625,9,10,11,0.25,1.5
MS,F,0.0,R,LE3,T,at_home,other,course,mother,2,1,0,no,yes,no,no,yes,no,no,yes,5,2,1,1,3,4,0.0,9,10,9,0.15000000000000013,1.0
MS,F,0.16666666666666652,R,GT3,T,other,other,course,father,3,2,0,no,yes,no,no,yes,no,yes,no,3,4,5,1,2,1,0.03125,9,10,11,0.25,2.0
MS,F,0.33333333333333304,R,GT3,T,at_home,other,course,mother,2,2,0,no,yes,no,no,yes,yes,yes,no,4,3,5,1,2,4,0.0,11,10,11,0.34999999999999987,2.0
MS,F,0.16666666666666652,U,GT3,T,other,services,course,father,1,1,1,no,yes,yes,yes,no,yes,yes,no,4,4,3,1,4,3,0.03125,9,10,10,0.19999999999999996,2.0
MS,F,0.5,R,LE3,A,other,other,course,other,2,3,2,no,yes,no,no,no,no,no,yes,3,3,2,1,1,2,0.1875,7,9,10,0.04999999999999982,2.5
MS,F,0.6666666666666665,U,GT3,T,at_home,services,course,mother,1,3,1,no,no,no,yes,yes,no,no,yes,5,3,1,1,1,3,0.1875,7,9,9,0.0,1.0
MS,M,0.5,R,GT3,T,other,other,home,mother,2,1,1,no,no,no,yes,yes,no,yes,no,4,4,3,3,4,4,0.0,8,9,10,0.09999999999999987,1.0
MS,F,0.5,R,GT3,T,at_home,at_home,course,mother,2,1,1,no,no,no,no,no,no,yes,yes,3,2,3,1,1,2,0.125,9,11,10,0.25,1.0
MS,F,0.16666666666666652,R,GT3,A,health,other,course,mother,1,2,0,no,no,no,no,no,yes,no,yes,3,3,2,1,1,3,0.0625,8,10,10,0.15000000000000013,2.0
MS,F,0.33333333333333304,U,GT3,T,other,at_home,course,father,2,1,0,no,no,no,yes,no,yes,no,no,2,4,4,3,5,5,0.15625,9,9,10,0.15000000000000013,0.5
MS,F,0.16666666666666652,R,LE3,T,at_home,other,course,mother,1,2,0,no,no,no,yes,yes,no,yes,no,4,4,5,1,3,3,0.0,8,9,9,0.04999999999999982,1.5
MS,F,0.16666666666666652,U,GT3,T,other,other,reputation,mother,1,1,0,no,no,no,yes,yes,no,yes,yes,4,5,4,1,1,4,0.0,14,13,13,0.7500000000000002,3.0
MS,F,0.16666666666666652,R,LE3,T,services,services,home,mother,1,1,0,no,yes,no,yes,yes,yes,yes,yes,4,4,4,2,2,4,0.0625,14,14,14,0.8500000000000003,1.0
MS,M,0.33333333333333304,U,GT3,T,services,at_home,course,mother,2,4,1,no,yes,yes,yes,yes,yes,no,no,5,4,5,3,4,5,0.0,10,11,10,0.30000000000000004,3.0
MS,F,0.16666666666666652,U,GT3,T,other,services,course,mother,1,2,0,no,yes,no,yes,yes,yes,yes,no,5,3,3,1,1,1,0.0,14,13,14,0.8,1.5
MS,M,0.16666666666666652,U,LE3,T,other,other,course,father,1,1,0,no,no,no,yes,yes,yes,yes,no,4,2,5,1,5,5,0.25,14,12,13,0.7,3.5
MS,M,0.33333333333333304,R,LE3,T,services,services,other,mother,3,4,1,no,yes,no,no,yes,yes,no,no,1,3,5,3,5,3,0.0625,10,8,9,0.09999999999999987,2.0
MS,F,0.16666666666666652,U,GT3,T,other,other,course,other,1,4,0,yes,yes,no,yes,yes,yes,yes,no,2,2,1,1,1,5,0.0,14,14,14,0.8500000000000003,1.0
MS,F,0.6666666666666665,U,LE3,T,other,other,home,mother,1,3,0,no,no,no,no,yes,yes,yes,yes,5,4,5,1,1,1,0.0,12,13,13,0.6499999999999999,2.0
MS,F,0.33333333333333304,R,GT3,T,at_home,other,reputation,mother,2,1,0,no,yes,no,yes,no,yes,yes,yes,4,4,5,1,2,5,0.0,11,11,11,0.40000000000000013,1.0
MS,F,0.833333333333333,U,GT3,T,at_home,services,other,mother,2,2,1,no,no,no,yes,yes,yes,yes,yes,3,3,4,2,4,3,0.25,11,9,10,0.25,3.0
MS,F,0.33333333333333304,U,LE3,T,other,services,course,father,1,3,0,no,yes,no,no,yes,yes,no,yes,4,3,3,1,1,3,0.0,11,11,10,0.34999999999999987,1.0
MS,M,0.33333333333333304,R,GT3,T,other,other,course,mother,3,1,1,no,yes,no,no,no,yes,yes,no,4,4,5,1,2,5,0.0,10,9,9,0.15000000000000013,2.0
MS,F,0.33333333333333304,U,GT3,A,other,other,other,mother,2,2,0,no,no,no,no,yes,yes,yes,yes,4,4,5,1,1,4,0.03125,11,9,10,0.25,0.5
MS,F,0.5,U,LE3,T,other,at_home,reputation,mother,2,2,0,yes,no,no,no,yes,yes,no,no,2,3,5,1,4,3,0.25,9,8,10,0.09999999999999987,1.0
MS,F,0.16666666666666652,R,LE3,T,other,other,reputation,mother,2,1,0,no,no,no,yes,yes,yes,yes,no,5,4,5,1,4,2,0.0,14,14,15,0.9000000000000001,1.5
MS,F,0.16666666666666652,R,GT3,T,at_home,services,other,mother,2,2,0,no,yes,no,yes,yes,yes,yes,no,3,3,3,1,1,2,0.0,8,10,10,0.15000000000000013,2.5
MS,M,0.33333333333333304,U,LE3,T,other,services,home,mother,1,3,0,no,yes,no,no,yes,yes,yes,no,4,4,3,1,2,5,0.0,15,14,16,1.0000000000000002,4.0
MS,F,0.33333333333333304,R,GT3,T,other,other,other,mother,1,1,0,no,no,no,no,yes,yes,yes,yes,4,2,3,1,2,5,0.03125,13,14,14,0.8,2.5
MS,M,0.16666666666666652,U,LE3,T,services,services,other,mother,4,3,0,no,no,no,no,yes,yes,no,no,5,1,3,2,2,3,0.0,10,9,10,0.19999999999999996,2.0
MS,F,0.33333333333333304,R,GT3,T,at_home,other,other,mother,1,1,0,no,yes,yes,no,yes,yes,yes,no,5,1,3,1,2,5,0.15625,9,9,9,0.09999999999999987,2.0
MS,F,0.16666666666666652,U,LE3,T,services,services,other,father,2,1,0,no,yes,no,no,yes,yes,no,no,5,1,3,1,2,5,0.03125,11,11,11,0.40000000000000013,4.0
MS,M,0.33333333333333304,U,GT3,T,services,services,home,mother,1,1,0,no,yes,no,yes,yes,yes,yes,no,4,1,4,5,5,3,0.25,7,10,9,0.04999999999999982,3.0
MS,M,0.33333333333333304,U,GT3,T,at_home,services,other,mother,3,2,0,no,no,no,no,yes,yes,yes,yes,5,1,3,3,3,1,0.0,10,10,10,0.25,1.0
MS,F,0.16666666666666652,U,LE3,T,other,services,other,mother,1,2,0,no,no,no,no,yes,yes,yes,yes,3,2,2,1,1,3,0.0,14,15,16,1.0000000000000002,1.5
MS,M,0.16666666666666652,U,LE3,T,teacher,health,other,father,1,1,0,no,yes,no,no,yes,yes,yes,no,4,1,2,2,5,5,0.0,11,12,12,0.5,4.0
MS,M,0.0,R,GT3,T,other,services,course,mother,3,2,0,no,yes,no,yes,yes,yes,no,no,5,5,5,1,3,5,0.34375,9,11,10,0.25,1.5
MS,M,0.0,U,LE3,A,other,other,reputation,mother,3,4,0,no,yes,no,yes,yes,yes,no,no,5,4,5,2,3,5,0.25,13,14,14,0.8,2.0
MS,M,0.0,U,LE3,A,services,services,course,mother,1,1,0,no,no,no,yes,yes,yes,yes,no,4,3,3,1,2,5,0.34375,12,13,12,0.6000000000000001,1.5
MS,F,0.16666666666666652,R,LE3,T,other,other,course,mother,1,3,0,no,yes,no,no,no,yes,no,yes,4,3,3,2,2,5,0.0625,11,11,11,0.40000000000000013,2.0
MS,F,0.16666666666666652,U,LE3,T,other,other,home,mother,2,2,0,no,yes,no,yes,yes,yes,yes,no,1,2,4,2,2,1,0.25,9,10,10,0.19999999999999996,2.5
MS,F,0.33333333333333304,U,GT3,T,at_home,other,home,mother,2,1,0,no,no,no,no,yes,yes,no,yes,4,3,3,2,2,1,0.15625,9,11,11,0.30000000000000004,2.5
MS,F,0.33333333333333304,R,GT3,T,other,other,other,mother,2,2,0,yes,no,yes,no,yes,yes,no,no,5,1,3,1,1,5,0.0,11,9,11,0.30000000000000004,2.0
MS,F,0.16666666666666652,U,GT3,T,teacher,services,course,mother,2,3,0,no,yes,no,no,yes,yes,yes,yes,5,3,5,1,4,5,0.03125,10,11,12,0.40000000000000013,4.0
MS,M,0.33333333333333304,R,GT3,T,health,other,course,father,3,1,3,no,no,no,yes,yes,yes,yes,yes,3,3,3,1,3,5,0.0625,9,9,8,0.04999999999999982,4.0
MS,M,0.33333333333333304,R,LE3,T,other,other,course,father,2,1,0,no,no,no,yes,yes,yes,no,yes,5,1,2,3,3,5,0.0625,12,11,12,0.5,2.0
MS,M,0.33333333333333304,U,GT3,T,services,other,other,mother,1,2,1,no,yes,no,yes,no,yes,yes,yes,5,4,4,3,4,5,0.25,8,9,8,0.0,3.5
MS,F,0.33333333333333304,U,GT3,T,health,health,course,father,1,2,0,no,yes,no,no,yes,yes,yes,no,5,2,5,1,1,5,0.0,13,15,16,0.95,4.0
MS,M,0.16666666666666652,R,LE3,T,other,at_home,other,father,1,1,0,no,no,no,no,yes,yes,yes,no,4,1,2,2,1,2,0.0,10,11,11,0.34999999999999987,2.5
MS,F,0.33333333333333304,U,GT3,A,at_home,at_home,other,mother,1,2,0,no,no,no,yes,yes,yes,yes,yes,4,5,5,1,2,3,0.0625,11,10,11,0.34999999999999987,1.0
MS,M,0.16666666666666652,U,LE3,A,other,services,course,father,2,2,0,no,yes,no,no,no,yes,yes,yes,4,1,2,2,2,5,0.0,12,13,13,0.6499999999999999,2.0
MS,M,0.33333333333333304,U,GT3,T,other,other,other,father,2,2,0,no,yes,yes,no,yes,yes,yes,no,4,1,2,2,2,1,0.0,13,14,13,0.7500000000000002,2.5
MS,M,0.6666666666666665,U,GT3,T,other,other,other,mother,1,2,2,no,yes,no,yes,yes,no,yes,no,4,4,3,3,4,4,0.0625,9,9,10,0.15000000000000013,1.0
MS,M,0.33333333333333304,U,LE3,A,other,other,home,mother,1,1,0,no,no,no,no,yes,yes,no,yes,4,1,2,1,1,5,0.125,11,11,12,0.4500000000000002,0.5
MS,F,0.33333333333333304,R,GT3,T,at_home,at_home,course,father,2,1,0,no,yes,no,yes,yes,no,yes,yes,3,5,5,2,2,4,0.09375,10,11,10,0.30000000000000004,1.0
MS,F,0.16666666666666652,R,GT3,T,other,other,home,father,1,3,0,yes,yes,no,no,no,yes,yes,yes,4,3,4,1,1,3,0.15625,13,14,13,0.7500000000000002,1.5
MS,M,0.16666666666666652,R,LE3,T,other,at_home,course,mother,1,1,0,no,no,no,no,yes,yes,no,no,4,4,4,2,4,5,0.125,9,10,11,0.25,1.5
MS,F,0.33333333333333304,R,GT3,T,other,other,course,mother,2,2,3,no,yes,no,yes,no,yes,yes,yes,5,4,4,1,1,5,0.0625,7,9,10,0.04999999999999982,2.0
MS,M,0.33333333333333304,R,GT3,T,other,other,course,mother,2,1,0,no,no,no,yes,yes,no,no,yes,5,5,5,3,5,5,0.0,8,13,10,0.30000000000000004,2.0
MS,M,0.5,R,GT3,T,at_home,at_home,course,other,3,1,1,yes,yes,no,no,yes,yes,no,no,4,3,2,1,1,4,0.0,12,12,13,0.6000000000000001,0.5
MS,M,0.33333333333333304,R,GT3,T,other,services,course,mother,2,1,0,no,yes,no,yes,no,yes,yes,yes,4,5,5,1,3,2,0.0,10,9,10,0.19999999999999996,1.0
MS,M,0.5,U,LE3,T,at_home,at_home,course,mother,2,2,0,no,yes,no,yes,yes,yes,no,no,4,3,3,1,4,5,0.1875,10,9,10,0.19999999999999996,1.0
MS,F,0.16666666666666652,R,LE3,T,other,services,course,father,1,2,0,no,no,no,yes,yes,yes,no,yes,5,4,3,1,1,1,0.0,11,13,12,0.55,2.0
MS,M,0.16666666666666652,R,GT3,T,services,other,course,father,2,1,0,no,no,no,no,yes,yes,yes,no,4,5,5,2,3,5,0.0625,11,9,10,0.25,2.5
MS,M,0.16666666666666652,R,LE3,T,at_home,other,course,mother,2,1,0,no,no,no,yes,yes,yes,yes,no,4,5,5,2,4,5,0.0,10,10,9,0.19999999999999996,1.0
MS,M,0.5,R,GT3,T,services,other,course,other,2,1,1,no,yes,no,no,yes,no,yes,yes,5,3,3,2,3,5,0.0625,9,7,9,0.0,1.0
MS,M,0.6666666666666665,U,GT3,T,at_home,services,course,mother,2,1,3,no,no,no,yes,yes,yes,no,no,3,2,1,1,1,3,0.125,6,11,9,0.04999999999999982,2.5
MS,M,0.6666666666666665,U,GT3,T,at_home,other,course,other,2,1,3,no,no,no,yes,no,no,yes,yes,4,4,3,1,3,5,0.125,8,9,9,0.04999999999999982,1.5
MS,F,0.33333333333333304,U,GT3,T,other,at_home,course,mother,1,1,0,no,yes,no,yes,yes,yes,no,no,4,3,2,1,2,5,0.28125,7,9,10,0.04999999999999982,1.0
MS,M,0.833333333333333,R,GT3,T,other,other,course,other,2,1,1,no,yes,no,no,yes,no,yes,yes,4,4,3,2,4,4,0.375,8,11,10,0.19999999999999996,1.0
MS,F,0.5,R,GT3,A,services,services,course,mother,1,1,0,no,yes,no,no,yes,yes,yes,no,5,4,4,3,4,2,0.25,10,11,10,0.30000000000000004,3.5
MS,M,0.5,R,GT3,T,other,other,course,mother,2,1,0,no,yes,no,no,no,yes,yes,no,2,5,5,5,5,5,0.25,9,10,11,0.25,2.5
MS,M,0.6666666666666665,R,GT3,T,other,services,home,other,3,2,1,no,no,no,no,yes,yes,yes,no,5,4,4,3,3,2,0.25,10,9,11,0.25,1.0
MS,M,0.33333333333333304,U,GT3,T,health,other,course,mother,2,2,1,no,yes,no,no,yes,yes,yes,no,4,5,4,2,3,3,0.125,8,9,10,0.09999999999999987,3.0
MS,M,0.5,U,LE3,T,at_home,services,course,mother,1,1,0,no,no,no,no,yes,no,yes,yes,4,3,3,2,3,3,0.0,9,10,9,0.15000000000000013,2.0
MS,M,0.6666666666666665,R,GT3,T,other,other,home,other,3,1,1,no,yes,no,no,yes,yes,yes,no,4,4,4,3,3,5,0.125,8,9,10,0.09999999999999987,1.0
MS,F,0.33333333333333304,R,GT3,T,at_home,other,course,mother,2,1,0,no,yes,no,no,yes,yes,yes,no,4,4,3,1,1,5,0.0,10,11,11,0.34999999999999987,0.0
MS,F,0.33333333333333304,U,GT3,T,health,at_home,course,mother,1,1,0,no,yes,no,no,yes,yes,no,yes,3,2,2,1,1,5,0.0,8,10,9,0.09999999999999987,2.5
MS,F,0.33333333333333304,U,LE3,T,at_home,other,course,father,1,1,0,no,no,no,no,yes,yes,yes,no,5,5,1,1,1,3,0.0,7,10,10,0.09999999999999987,1.5
MS,F,0.5,U,GT3,T,services,at_home,reputation,father,2,2,0,no,no,no,yes,no,yes,yes,no,4,3,5,1,1,1,0.0625,12,13,14,0.7,2.0
MS,F,0.33333333333333304,U,GT3,T,services,services,course,mother,2,1,0,no,yes,no,no,yes,yes,yes,no,4,4,3,1,1,4,0.0,11,12,13,0.55,3.0
MS,F,0.5,U,LE3,A,at_home,other,reputation,mother,2,2,0,no,no,no,no,yes,yes,yes,no,4,4,3,1,2,4,0.0,12,13,14,0.7,1.5
MS,M,0.5,U,LE3,T,at_home,services,home,mother,2,1,0,no,yes,no,no,no,yes,no,no,4,1,4,5,5,1,0.25,10,11,11,0.34999999999999987,1.5
MS,M,0.5,R,GT3,T,at_home,services,other,mother,3,1,0,no,yes,yes,yes,yes,yes,yes,yes,2,5,5,1,1,1,0.15625,12,13,14,0.7,4.0
MS,M,0.33333333333333304,R,GT3,T,other,services,other,father,3,1,0,no,no,no,no,no,no,no,no,4,2,3,3,4,4,0.125,12,13,14,0.7,1.0
MS,F,0.5,U,GT3,T,other,other,course,mother,2,2,0,no,yes,no,no,no,yes,yes,yes,1,3,1,1,1,2,0.125,8,8,10,0.04999999999999982,2.0
MS,F,0.5,U,LE3,T,services,services,course,father,2,3,0,no,no,no,no,yes,yes,yes,yes,5,4,5,1,4,3,0.0,11,12,13,0.55,2.0
MS,F,0.5,U,GT3,T,at_home,services,course,mother,3,2,1,no,no,no,no,yes,no,no,no,4,4,2,1,2,2,0.0625,9,10,10,0.19999999999999996,1.0
MS,F,0.33333333333333304,R,LE3,A,services,other,reputation,mother,2,2,0,no,no,no,yes,yes,yes,yes,yes,5,3,3,1,2,2,0.15625,11,11,12,0.4500000000000002,1.5
MS,F,0.5,U,LE3,A,at_home,services,course,mother,1,2,0,no,no,no,no,yes,yes,no,yes,5,2,3,1,2,3,0.0625,8,10,11,0.19999999999999996,1.0
MS,F,0.5,U,GT3,T,at_home,at_home,course,father,2,2,0,no,yes,no,no,yes,no,no,no,4,1,1,1,1,4,0.0,11,11,12,0.4500000000000002,1.5
MS,F,0.5,R,GT3,T,services,other,home,mother,2,3,0,no,no,no,no,yes,yes,yes,yes,4,2,1,1,1,4,0.15625,14,14,15,0.9000000000000001,2.0
MS,M,0.33333333333333304,R,GT3,T,services,other,home,mother,2,2,1,no,yes,yes,yes,no,yes,yes,yes,4,5,5,1,3,2,0.125,10,11,11,0.34999999999999987,3.5
MS,F,0.5,U,GT3,T,services,services,course,father,1,2,0,no,yes,no,no,yes,yes,no,yes,5,3,4,1,1,5,0.0,10,10,10,0.25,3.0
MS,F,0.33333333333333304,R,GT3,T,teacher,services,other,father,2,2,0,no,yes,yes,yes,yes,yes,yes,no,4,3,3,1,2,5,0.0625,12,12,12,0.55,4.0
MS,F,0.33333333333333304,U,LE3,A,services,other,reputation,mother,2,2,0,no,no,no,no,yes,yes,no,yes,1,2,3,1,2,5,0.0,15,14,15,0.95,2.5
MS,M,0.5,U,LE3,T,other,services,home,father,2,1,0,no,no,no,no,no,yes,yes,yes,3,3,2,1,2,3,0.0625,14,13,14,0.8,1.0
MS,F,0.5,U,GT3,T,services,services,other,mother,2,2,0,no,yes,no,no,yes,yes,yes,yes,4,3,2,1,3,3,0.1875,13,12,13,0.6499999999999999,3.0
MS,F,0.33333333333333304,U,LE3,T,at_home,at_home,course,mother,1,2,0,no,yes,no,yes,yes,yes,yes,yes,2,3,4,1,1,1,0.125,15,14,15,0.95,4.0
MS,F,0.33333333333333304,R,GT3,T,other,services,course,father,2,2,0,no,no,no,no,no,yes,no,no,3,2,2,1,2,3,0.0,13,13,13,0.7,1.5
MS,M,0.5,R,GT3,T,at_home,other,course,mother,2,2,0,no,yes,yes,no,yes,yes,no,no,3,3,4,2,4,3,0.0,8,10,9,0.09999999999999987,2.0
MS,F,0.33333333333333304,R,GT3,T,other,services,reputation,mother,3,1,1,no,yes,no,no,yes,yes,yes,yes,5,2,1,1,2,1,0.0,8,8,9,0.0,1.0
MS,F,0.5,U,GT3,T,at_home,services,course,father,2,1,0,no,yes,no,no,yes,yes,yes,yes,5,2,3,1,2,4,0.0,10,10,10,0.25,2.5
MS,M,0.5,R,LE3,T,at_home,services,other,father,3,1,0,no,yes,no,yes,yes,no,yes,yes,4,3,3,2,3,3,0.09375,9,10,10,0.19999999999999996,1.5
MS,F,0.33333333333333304,U,GT3,T,other,at_home,home,mother,1,3,0,no,no,no,yes,yes,yes,no,yes,3,4,3,1,1,3,0.25,10,11,12,0.40000000000000013,2.0
MS,F,0.5,R,GT3,T,other,other,home,mother,4,3,0,no,no,no,no,yes,yes,yes,no,4,3,2,1,2,4,0.125,10,11,12,0.40000000000000013,1.0
MS,F,0.5,R,LE3,T,teacher,services,course,mother,1,2,0,no,no,no,yes,yes,yes,yes,no,5,4,3,3,4,2,0.03125,13,14,14,0.8,4.0
MS,F,0.33333333333333304,R,GT3,T,at_home,other,reputation,mother,1,2,0,no,yes,no,yes,no,yes,yes,no,4,5,4,2,3,1,0.3125,8,9,9,0.04999999999999982,2.0
MS,M,0.33333333333333304,U,GT3,T,other,services,home,father,2,2,0,no,no,no,yes,yes,yes,yes,no,4,4,3,1,1,3,0.125,14,15,16,1.0000000000000002,2.5
MS,F,0.33333333333333304,U,GT3,T,teacher,other,other,mother,2,2,0,no,no,no,no,yes,yes,yes,no,5,5,4,1,1,1,0.0,6,9,11,0.04999999999999982,3.5
MS,F,0.5,R,GT3,T,teacher,at_home,reputation,mother,3,1,0,no,yes,no,yes,yes,yes,yes,yes,4,4,3,2,2,5,0.125,7,9,10,0.04999999999999982,4.0
MS,F,0.6666666666666665,R,GT3,T,services,other,course,mother,1,3,1,no,no,no,yes,no,yes,yes,no,5,4,2,1,2,5,0.125,10,11,10,0.30000000000000004,2.5
MS,F,0.5,U,GT3,T,other,other,course,mother,2,2,0,no,no,no,yes,yes,yes,no,no,1,1,1,1,1,5,0.1875,11,12,9,0.34999999999999987,1.0
MS,M,0.33333333333333304,U,LE3,T,services,services,course,mother,2,1,0,no,no,no,no,no,yes,yes,no,2,4,5,3,4,2,0.1875,10,10,10,0.25,2.0
MS,M,0.5,R,LE3,T,services,other,course,mother,3,1,0,no,no,no,no,no,yes,yes,no,4,4,1,3,4,5,0.125,10,11,11,0.34999999999999987,2.5
